pathway,pval,padj,log2err,ES,NES,size,leadingEdge
ko05012,4.939777352281438e-7,1.3586855977615342e-4,0.6594443980379349,0.5221007520584309,2.1493478965341746,74,FVEG_07431;FVEG_09088;FVEG_11349;FVEG_02318;FVEG_01882;FVEG_07794;FVEG_06660;FVEG_02252;FVEG_01322;FVEG_04039;FVEG_06962;FVEG_04651;GimoM_p03;FVEG_07184;FVEG_01019;FVEG_07197;FVEG_07914;FVEG_02649;GimoM_p11;GimoM_p17;FVEG_07304;FVEG_02245;FVEG_05469;GimoM_p19;FVEG_06277;FVEG_05101;FVEG_04680;FVEG_01210;FVEG_00828;FVEG_01838;FVEG_05884;FVEG_03873;FVEG_02986;FVEG_04906;GimoM_p20;FVEG_03859;FVEG_01931;FVEG_07199;FVEG_07342;FVEG_06879;FVEG_11557;FVEG_00747;FVEG_08261;FVEG_06930;FVEG_06221
ko05016,6.776486771877975e-7,1.3586855977615342e-4,0.6594443980379349,0.49590742289806833,2.131757471158265,91,FVEG_12481;FVEG_07431;FVEG_09088;FVEG_07160;FVEG_11349;FVEG_05615;FVEG_02318;FVEG_02094;FVEG_01882;FVEG_06367;FVEG_05432;FVEG_07510;FVEG_09286;FVEG_06660;FVEG_00400;FVEG_02252;FVEG_01252;FVEG_01322;FVEG_01940;FVEG_04039;FVEG_04651;FVEG_08944;FVEG_07184;FVEG_01019;FVEG_07197;FVEG_07914;FVEG_02649;GimoM_p11;FVEG_07304;FVEG_02245;FVEG_00735;FVEG_05469;GimoM_p19;FVEG_06277;FVEG_05101;FVEG_04680;FVEG_01210;FVEG_00828;FVEG_00658;FVEG_05884;FVEG_03873;FVEG_02986;FVEG_04906;GimoM_p20;FVEG_03859;FVEG_08108;FVEG_06868;FVEG_07199;FVEG_07342;FVEG_06879;FVEG_11557;FVEG_00747;FVEG_08261
ko05010,3.88496995750167e-6,5.192909843193898e-4,0.610526878385931,0.5132558722936417,2.0724020800278162,68,FVEG_07431;FVEG_09088;FVEG_07936;FVEG_11349;FVEG_02318;FVEG_01882;FVEG_06660;FVEG_02252;FVEG_05820;FVEG_01322;FVEG_04039;FVEG_01395;FVEG_07184;FVEG_01019;FVEG_07197;FVEG_07914;GimoM_p11;FVEG_07304;FVEG_02245;FVEG_05469;FVEG_07362;GimoM_p19;FVEG_06277;FVEG_05101;FVEG_07853;FVEG_04680;FVEG_01210;FVEG_00828;FVEG_05884;FVEG_03873;FVEG_02986;FVEG_04906;GimoM_p20;FVEG_03859;FVEG_07199;FVEG_07342;FVEG_06879;FVEG_11557;FVEG_00747;FVEG_08261;FVEG_06930;FVEG_06221
ko04111,8.434842384609732e-6,7.18732203614342e-4,0.5933254763964051,0.44610003185412644,1.947614610077527,98,FVEG_05551;FVEG_01961;FVEG_11583;FVEG_09624;FVEG_07348;FVEG_11345;FVEG_07186;FVEG_00893;FVEG_01001;FVEG_09177;FVEG_06721;FVEG_08052;FVEG_08045;FVEG_05211;FVEG_09258;FVEG_07556;FVEG_01340;FVEG_02817;FVEG_04147;FVEG_12150;FVEG_00961;FVEG_01468;FVEG_07837;FVEG_14962;FVEG_07073;FVEG_09235;FVEG_06184;FVEG_00536;FVEG_07097;FVEG_06091;FVEG_08063;FVEG_04985;FVEG_06634;FVEG_03115;FVEG_01156;FVEG_10410;FVEG_06718;FVEG_09625;FVEG_07330;FVEG_09085;FVEG_06196;FVEG_06432;FVEG_12039;FVEG_00748;FVEG_07021;FVEG_15183;FVEG_08277;FVEG_09517;FVEG_01965;FVEG_10813;FVEG_09186;FVEG_11639;FVEG_05207
ko04932,8.961748174742418e-6,7.18732203614342e-4,0.5933254763964051,0.5293310770711714,2.0749655909745455,57,FVEG_07431;FVEG_09088;FVEG_01198;FVEG_07936;FVEG_11349;FVEG_02318;FVEG_01882;FVEG_07850;FVEG_06660;FVEG_02252;FVEG_05820;FVEG_01322;FVEG_04039;FVEG_07081;FVEG_06667;FVEG_07184;FVEG_01019;FVEG_07197;FVEG_07914;GimoM_p11;FVEG_07304;FVEG_02447;FVEG_06277;FVEG_05101;FVEG_05884;FVEG_03873;FVEG_02986;FVEG_04906;GimoM_p20;FVEG_03859;FVEG_07199;FVEG_07342;FVEG_06879;FVEG_11557;FVEG_08261;FVEG_06930;FVEG_06221
ko04714,8.243660768619619e-5,0.005509513280360778,0.5384340963099162,0.39094958586919254,1.7504525139089218,115,FVEG_12481;FVEG_05068;FVEG_07431;FVEG_09088;FVEG_07160;FVEG_11349;FVEG_02964;FVEG_02318;FVEG_01882;FVEG_15042;FVEG_01014;FVEG_04168;FVEG_09622;FVEG_07850;FVEG_07326;FVEG_06660;FVEG_07785;FVEG_02252;FVEG_01958;FVEG_01322;FVEG_04039;FVEG_07369;FVEG_06667;FVEG_08944;GimoM_p03;FVEG_07184;FVEG_01019;FVEG_07197;FVEG_07914;GimoM_p11;FVEG_09497;GimoM_p17;FVEG_07304;FVEG_02245;FVEG_05469;FVEG_06467;GimoM_p19;FVEG_06277;FVEG_05101;FVEG_04680;FVEG_15594;FVEG_01452;FVEG_01210;FVEG_07614;FVEG_00828;FVEG_02837;FVEG_05884;FVEG_03873;FVEG_02986;FVEG_04906;GimoM_p20;FVEG_03859;FVEG_06392;FVEG_01931;FVEG_07199;FVEG_07342;FVEG_06879;FVEG_07930;FVEG_00747;FVEG_08261;FVEG_12163;FVEG_11565;FVEG_06930;FVEG_06221
H1_pigment_PKS_backbone,9.618797271551182e-5,0.005510196722702892,0.5384340963099162,-0.7497640113907604,-1.989524429539706,18,FVEG_11932;FVEG_10535;FVEG_11086;FVEG_00079
ko05169,1.4123363293026486e-4,0.006690276626758898,0.5188480777437918,0.44827099752546806,1.8328242179583842,71,FVEG_12481;FVEG_07160;FVEG_07936;FVEG_01060;FVEG_04750;FVEG_05615;FVEG_02094;FVEG_06367;FVEG_00720;FVEG_05432;FVEG_04168;FVEG_09286;FVEG_01017;FVEG_02050;FVEG_00400;FVEG_12795;FVEG_11432;FVEG_01252;FVEG_00402;FVEG_07482;FVEG_02570;FVEG_08944;FVEG_01939;FVEG_02113;FVEG_07351;FVEG_00819;FVEG_03982;FVEG_16733;FVEG_02295;FVEG_04677
ko00460,1.5015583451578573e-4,0.006690276626758898,0.5188480777437918,0.6528974159202329,2.042615188478497,22,FVEG_06728;FVEG_09776;FVEG_05521;FVEG_09248;FVEG_17046;FVEG_13391;FVEG_14974;FVEG_03657;FVEG_04963;FVEG_09239;FVEG_07762
ko04145,1.9885545398658908e-4,0.007974103704862222,0.5188480777437918,0.5429053853014366,1.9744018199899056,40,FVEG_00949;FVEG_00347;FVEG_00742;FVEG_00504;FVEG_07081;FVEG_09607;FVEG_11586;FVEG_06685;FVEG_15419;FVEG_15007;FVEG_15418;FVEG_00559;FVEG_08178;FVEG_04219;FVEG_02447;FVEG_02468;FVEG_05512;FVEG_01277;FVEG_04142;FVEG_02259;FVEG_04081;FVEG_07024;FVEG_00855;FVEG_15367;FVEG_07930;FVEG_00557;FVEG_04809;FVEG_01460;FVEG_02279
H5_methyltransferases_SAM,2.42762896846034e-4,0.008849811057750876,0.5188480777437918,-0.5284568736755764,-1.8259442844358815,70,FVEG_11932;FVEG_10535;FVEG_08545;FVEG_11086;FVEG_00079;FVEG_13182;FVEG_12181;FVEG_13178;FVEG_07683;FVEG_10263;FVEG_08818;FVEG_12855;FVEG_04568;FVEG_11957;FVEG_12851;FVEG_10347;FVEG_08892;FVEG_02122;FVEG_08419;FVEG_05904;FVEG_06795;FVEG_00448
GH3,4.2135390872982985e-4,0.014080243116721814,0.49849310876659025,0.7737203507344379,1.9774195567042814,11,FVEG_06728;FVEG_05521;FVEG_09248;FVEG_13391;FVEG_14974;FVEG_07762
H4_cytochrome_P450,5.483883861268971e-4,0.016915672525914287,0.47727081536286214,-0.5164897770682556,-1.7824676633405727,69,FVEG_11079;FVEG_11928;FVEG_16853;FVEG_03297;FVEG_08438;FVEG_04803;FVEG_16872;FVEG_04255;FVEG_14636;FVEG_13355;FVEG_13054;FVEG_09305;FVEG_02379;FVEG_10439;FVEG_05997;FVEG_00415;FVEG_11589;FVEG_08786;FVEG_14768;FVEG_14769;FVEG_03262;FVEG_11563;FVEG_07578;FVEG_07269
ko04723,6.970784616944412e-4,0.019966318795676494,0.47727081536286214,0.524031195207044,1.8980222799496034,39,FVEG_09088;FVEG_06268;FVEG_02318;FVEG_04168;FVEG_06660;FVEG_02252;FVEG_06962;FVEG_07369;GimoM_p03;FVEG_07184;FVEG_07197;FVEG_09175;GimoM_p17;FVEG_07304;FVEG_10291;FVEG_05101;FVEG_05884;FVEG_03873;FVEG_02986;FVEG_04906;FVEG_03859;FVEG_01931;FVEG_07199;FVEG_07342;FVEG_08261;FVEG_06930
ko04011,8.511327496611102e-4,0.022753615507607013,0.47727081536286214,0.40903235210121036,1.68387580775745,74,FVEG_03043;FVEG_01961;FVEG_06268;FVEG_06157;FVEG_01201;FVEG_02618;FVEG_06829;FVEG_11264;FVEG_00646;FVEG_03233;FVEG_01841;FVEG_11300;FVEG_04168;FVEG_04885;FVEG_06962;FVEG_07081;FVEG_09177;FVEG_11463;FVEG_02838;FVEG_10291;FVEG_03984;FVEG_05349;FVEG_00647;FVEG_06192;FVEG_07042;FVEG_02258;FVEG_11385;FVEG_01370;FVEG_10410;FVEG_06952;FVEG_08211;FVEG_01970;FVEG_16275
H2_sporulation_GO,0.0010520509914924247,0.026367027974278895,0.45505986738722953,0.36008039532242997,1.6169420725516086,117,FVEG_02869;FVEG_02891;FVEG_11244;FVEG_00212;FVEG_07936;FVEG_02635;FVEG_00646;FVEG_07963;FVEG_07348;FVEG_07801;FVEG_04168;FVEG_04106;FVEG_02633;FVEG_16027;FVEG_06972;FVEG_01888;FVEG_06962;FVEG_11383;FVEG_02864;FVEG_01404;FVEG_11463;FVEG_15007;FVEG_04665;FVEG_14991;FVEG_07556;FVEG_10258;FVEG_01091;FVEG_04156;FVEG_01870;FVEG_16030;FVEG_07811;FVEG_06937;FVEG_11401;FVEG_06192;FVEG_11158;FVEG_11336;FVEG_03937;FVEG_02853;FVEG_02258;FVEG_02946;FVEG_14992;FVEG_03058;FVEG_07033;FVEG_01498;FVEG_00855;FVEG_07467;FVEG_02610;FVEG_10778;FVEG_16275;FVEG_06392
ko05166,0.0012015570708038114,0.02834261090543108,0.45505986738722953,0.4372791721945468,1.744024019086896,61,FVEG_12481;FVEG_07160;FVEG_07936;FVEG_04724;FVEG_02094;FVEG_00949;FVEG_01157;FVEG_06977;FVEG_00336;FVEG_10294;FVEG_00893;FVEG_04679;FVEG_10295;FVEG_04651;FVEG_08944;FVEG_08045;FVEG_07987;FVEG_09258;FVEG_10445;FVEG_16309;FVEG_02649;FVEG_14962;FVEG_15593;FVEG_06184;FVEG_00536;FVEG_07853
H3_glycolysis_TCA,0.002325206935448645,0.04854402932957179,0.4317076958033464,0.2946327214520674,1.4295438099709243,204,FVEG_06728;FVEG_08321;FVEG_07431;FVEG_03908;FVEG_11561;FVEG_14837;FVEG_07491;FVEG_05491;FVEG_05521;FVEG_09248;FVEG_05003;FVEG_03808;FVEG_06302;FVEG_11642;FVEG_07525;FVEG_00585;FVEG_11318;FVEG_06816;FVEG_02083;FVEG_08018;FVEG_13338;FVEG_10271;FVEG_04169;FVEG_13391;FVEG_14974;FVEG_07484;FVEG_04947;FVEG_16233;FVEG_02675;FVEG_03852;FVEG_10452;FVEG_07917;FVEG_06101;FVEG_01836;FVEG_01888;FVEG_08687;FVEG_01142;FVEG_01364;FVEG_01152;FVEG_07762;FVEG_07522;FVEG_04044;FVEG_01889;FVEG_02067
ko03040,0.002438383105291837,0.04854402932957179,0.4317076958033464,0.356469363841561,1.5384445853406343,93,FVEG_10477;FVEG_04884;FVEG_02000;FVEG_07937;FVEG_04750;FVEG_04948;FVEG_10318;FVEG_14658;FVEG_01429;FVEG_00720;FVEG_06827;FVEG_11504;FVEG_08187;FVEG_07344;FVEG_09474;FVEG_03827;FVEG_08952;FVEG_01212;FVEG_05167;FVEG_09212;FVEG_04224;FVEG_08126;FVEG_08162;FVEG_08128;FVEG_02384;FVEG_13092;FVEG_07921;FVEG_02536;FVEG_05132;FVEG_01338;FVEG_02777;FVEG_05126;FVEG_01430;FVEG_11419;FVEG_15618;FVEG_09210;FVEG_08069;FVEG_05403;FVEG_01422;FVEG_00993
ko04144,0.0024460669298768606,0.04854402932957179,0.4317076958033464,0.38944348804993806,1.642685385561664,83,FVEG_16495;FVEG_09153;FVEG_13088;FVEG_02276;FVEG_10450;FVEG_02635;FVEG_11264;FVEG_04049;FVEG_00720;FVEG_04106;FVEG_02160;FVEG_02633;FVEG_06318;FVEG_02814;FVEG_00504;FVEG_02048;FVEG_07081;FVEG_03222;FVEG_01138;FVEG_11463;FVEG_11506;FVEG_02009;FVEG_15007;FVEG_14991;FVEG_09154;FVEG_08191;FVEG_10299;FVEG_00735;FVEG_09632;FVEG_01118;FVEG_01074
ko05110,0.0025422060247406674,0.04854402932957179,0.4317076958033464,0.5585042736343164,1.7899933842837816,24,FVEG_06268;FVEG_09722;FVEG_00742;FVEG_01138;FVEG_09607;FVEG_11586;FVEG_06685;FVEG_00559;FVEG_08178;FVEG_04219;FVEG_02468;FVEG_01277;FVEG_04142;FVEG_02259;FVEG_01931;FVEG_07930;FVEG_01460;FVEG_02279
ko05203,0.0029045522538460873,0.052942066081467315,0.4317076958033464,0.44677888832299595,1.7174611181612245,51,FVEG_12481;FVEG_07160;FVEG_02288;FVEG_01060;FVEG_04750;FVEG_11264;FVEG_02094;FVEG_00538;FVEG_00336;FVEG_10294;FVEG_02050;FVEG_00400;FVEG_07081;FVEG_10295;FVEG_07482;FVEG_01489;FVEG_08944;FVEG_11586;FVEG_01939;FVEG_07351;FVEG_16309
ko03050,0.0033142869391717825,0.05630613012577367,0.4317076958033464,0.4876153965296716,1.7275377142491715,36,FVEG_14057;FVEG_01327;FVEG_04879;FVEG_01017;FVEG_12795;FVEG_11432;FVEG_00822;FVEG_07482;FVEG_02113;FVEG_06341;FVEG_03982;FVEG_04288;FVEG_16733;FVEG_04677;FVEG_01022
ko04722,0.003383660135021855,0.05630613012577367,0.4317076958033464,0.6172080234483978,1.8303579073415777,18,FVEG_03043;FVEG_02390;FVEG_07936;FVEG_11264;FVEG_04168;FVEG_07081;FVEG_02447;FVEG_07362;FVEG_11385;FVEG_01370;FVEG_02837;FVEG_06392;FVEG_06253;FVEG_11565
ko00190,0.0036493981420336894,0.05630613012577367,0.4317076958033464,0.3751548190498962,1.6249152928058006,95,FVEG_07431;FVEG_09088;FVEG_11349;FVEG_02318;FVEG_01882;FVEG_01014;FVEG_00742;FVEG_06660;FVEG_02252;FVEG_01322;FVEG_04039;FVEG_11586;GimoM_p03;FVEG_07184;FVEG_01019;FVEG_07197;FVEG_07914;GimoM_p11;GimoM_p17;FVEG_07304;FVEG_00559;FVEG_02245;FVEG_08178;FVEG_05469;FVEG_03980;FVEG_04219;GimoM_p19;FVEG_06277;FVEG_05101;FVEG_04680;FVEG_01277;FVEG_04142;FVEG_02259;FVEG_01210;FVEG_00828;FVEG_05884;FVEG_03873;FVEG_02986;FVEG_04906;GimoM_p20;FVEG_03859;FVEG_02593;FVEG_07199;FVEG_07342;FVEG_06879;FVEG_00890;FVEG_00747;FVEG_08261;FVEG_06930;FVEG_06221;FVEG_00953;FVEG_01460;FVEG_02279;FVEG_04096;FVEG_11520;FVEG_00930;FVEG_00540;FVEG_06680;FVEG_07903
ko04138,0.003650771529351909,0.05630613012577367,0.4317076958033464,0.37823228299410605,1.5842197344094116,79,FVEG_02498;FVEG_03043;FVEG_09153;FVEG_00212;FVEG_02964;FVEG_02164;FVEG_03012;FVEG_15164;FVEG_02003;FVEG_01441;FVEG_00838;FVEG_09458;FVEG_01353;FVEG_11453;FVEG_01958;FVEG_11532;FVEG_09665;FVEG_11523;FVEG_08110;FVEG_09154;FVEG_09745;FVEG_09194;FVEG_00520;FVEG_11582;FVEG_07060;FVEG_11401;FVEG_11158;FVEG_06456;FVEG_11367;FVEG_11266;FVEG_15594;FVEG_05096
ko05200,0.004504654608009771,0.06690246288192289,0.40701791892395395,0.44397560586598117,1.6674219484987656,46,FVEG_06268;FVEG_07936;FVEG_01201;FVEG_12433;FVEG_11264;FVEG_09203;FVEG_00750;FVEG_07470;FVEG_01836;FVEG_00400;FVEG_07356;FVEG_06962;FVEG_07081;FVEG_04258;FVEG_01282;FVEG_10291;FVEG_02447;FVEG_07362;FVEG_04419
ko04670,0.004732254047322541,0.06777263832058353,0.3350685587170139,0.677271697557497,1.7789659808781746,12,FVEG_02390;FVEG_06268;FVEG_11264;FVEG_04168;FVEG_06962;FVEG_07081
H4_secondary_metab_backbone,0.005185480654168329,0.0717026807697069,0.23205681807560835,-0.47381922958310246,-1.635206527793891,69,FVEG_11932;FVEG_10535;FVEG_08545;FVEG_11086;FVEG_00079;FVEG_10547;FVEG_12816;FVEG_03243;FVEG_05507;FVEG_00016;FVEG_10767;FVEG_05508;FVEG_12633;FVEG_10286;FVEG_08711
ko03030,0.0062932662051604785,0.0841199916089784,0.32635161099090676,0.4730324973626111,1.6874741019848571,37,FVEG_15917;FVEG_00780;FVEG_01336;FVEG_05014;FVEG_07987;FVEG_05211;FVEG_02845;FVEG_11459;FVEG_00961;FVEG_08159;FVEG_09235;FVEG_15916;FVEG_08063;FVEG_07421;FVEG_07330;FVEG_09085
ko04211,0.007731958762886598,0.09996438746438747,0.27986565266193214,0.5176939946053607,1.6984688350062294,26,FVEG_12481;FVEG_05198;FVEG_07160;FVEG_01198;FVEG_02164;FVEG_07850;FVEG_07510;FVEG_07785;FVEG_01958;FVEG_06667;FVEG_08944
ko05152,0.007977207977207978,0.09996438746438747,0.27471745859524166,0.5282527301388056,1.7170486090001162,25,FVEG_11264;FVEG_00807;FVEG_04168;FVEG_00742;FVEG_00504;FVEG_11586;FVEG_06113;FVEG_04219;FVEG_07362;FVEG_07853;FVEG_11266;FVEG_01277;FVEG_02259;FVEG_07024
ko04964,0.009902875642734716,0.11962343212343213,0.2005131804004132,-0.9343174276232978,-1.5384732740588305,3,FVEG_11139;FVEG_09346;FVEG_09530
ko05120,0.010551948051948052,0.11962343212343213,0.23205681807560835,0.5617426511449934,1.6942299106252903,19,FVEG_04168;FVEG_00742;FVEG_07081;FVEG_11586;FVEG_00559;FVEG_08178;FVEG_04219;FVEG_02447;FVEG_01277;FVEG_04142;FVEG_02259
ko04015,0.0107664701358626,0.11962343212343213,0.2234791191174785,0.6125658370594819,1.7225900206052402,15,FVEG_02390;FVEG_06268;FVEG_11264;FVEG_04168;FVEG_06962;FVEG_07081;FVEG_02447;FVEG_07362;FVEG_02837;FVEG_06454;FVEG_06392;FVEG_07930
ko05202,0.010958904109589041,0.11962343212343213,0.21825977528478716,0.6497190067951354,1.7065942876202607,12,FVEG_16524;FVEG_10318;FVEG_09164;FVEG_06977;FVEG_00400;FVEG_03827
ko05165,0.011121703209405783,0.11962343212343213,0.24518806365913484,0.45274570096058253,1.627568824718286,38,FVEG_12481;FVEG_07160;FVEG_07936;FVEG_02094;FVEG_06977;FVEG_00742;FVEG_00400;FVEG_07785;FVEG_02784;FVEG_07081;FVEG_07482;FVEG_01489;FVEG_08944;FVEG_04543
ko04151,0.011584220413274891,0.11962343212343213,0.23835292164691088,0.4527254824062354,1.6039287328180791,36,FVEG_12481;FVEG_05198;FVEG_06268;FVEG_07160;FVEG_07936;FVEG_02964;FVEG_07470;FVEG_07785;FVEG_01958;FVEG_07081;FVEG_08944;FVEG_04543;FVEG_04453;FVEG_10291
ko05206,0.011634199134199134,0.11962343212343213,0.22082346409111278,0.5589575552032633,1.685829991482917,19,FVEG_03043;FVEG_06268;FVEG_11264;FVEG_06977;FVEG_05216;FVEG_01958;FVEG_02651;FVEG_00666
ko05167,0.012156448202959831,0.12186839323467231,0.2133879230180531,0.5845298292786205,1.704390090202095,17,FVEG_02498;FVEG_07936;FVEG_04168;FVEG_07081;FVEG_10291;FVEG_00520;FVEG_02447;FVEG_07362;FVEG_11401;FVEG_07853;FVEG_02837;FVEG_06392;FVEG_11557
ko04360,0.014770665975641358,0.14446431844468743,0.1913878287563819,0.5857701761759747,1.682626050582722,16,FVEG_06268;FVEG_07936;FVEG_11264;FVEG_06962;FVEG_07081;FVEG_02447;FVEG_07853;FVEG_02837;FVEG_06392
ko04120,0.015384615384615385,0.1468864468864469,0.2234791191174785,0.3887263524485224,1.5171614513321254,56,FVEG_05551;FVEG_02243;FVEG_01335;FVEG_04802;FVEG_07348;FVEG_00750;FVEG_06934;FVEG_07794;FVEG_06072;FVEG_11477;FVEG_02651;FVEG_00563;FVEG_07556;FVEG_07483;FVEG_07073;FVEG_07128;FVEG_09570;FVEG_00536;FVEG_05506;FVEG_03801;FVEG_16532;FVEG_01838
ko04626,0.01734357848518112,0.1610396943104689,0.16219053457684138,0.8155444423851337,1.6200250107000456,5,FVEG_02233;FVEG_04576;FVEG_08686;FVEG_07470
ko04974,0.0185012147262194,0.1610396943104689,0.14464557226410138,-0.8640432982745869,-1.5314266008939925,4,FVEG_11139;FVEG_09346;FVEG_12127
ko04510,0.01851354977193453,0.1610396943104689,0.17371321926215616,0.5528201313113372,1.6394127429354663,18,FVEG_02390;FVEG_06268;FVEG_07936;FVEG_11264;FVEG_04885;FVEG_07081
ko04612,0.018726591760299626,0.1610396943104689,0.1611591456616824,0.7101570089583806,1.646029715189172,8,FVEG_00807;FVEG_00949;FVEG_00720;FVEG_07470;FVEG_07295
H1_pigment_carotenoid,0.018874976639880397,0.1610396943104689,0.14318464218377616,-0.8617454937019009,-1.5273539820179545,4,FVEG_10717;FVEG_10718
H5_alcohol_aldehyde_DH,0.019331742243436756,0.16150059665871122,0.11260357881030983,-0.3683068825315289,-1.4053181795000251,144,FVEG_11080;FVEG_11931;FVEG_10535;FVEG_10049;FVEG_00079;FVEG_00152;FVEG_10048;FVEG_11598;FVEG_02297;FVEG_10707;FVEG_13481;FVEG_00314;FVEG_13044;FVEG_03719;FVEG_07177;FVEG_03354;FVEG_09727;FVEG_02847;FVEG_08526;FVEG_02240;FVEG_12046;FVEG_09866;FVEG_05202;FVEG_00089;FVEG_04154;FVEG_06733;FVEG_10559
ko00020,0.020239190432382703,0.16563092578337682,0.1776735264392179,0.4416060756071031,1.5323610742664677,33,FVEG_07431;FVEG_11561;FVEG_11642;FVEG_07484;FVEG_01836;FVEG_04670;FVEG_12170;FVEG_00189;FVEG_05911;FVEG_04667;FVEG_06879;FVEG_09068;FVEG_09500;FVEG_02289;FVEG_12152;FVEG_06680;FVEG_07903;FVEG_09181;FVEG_13556;FVEG_04134;FVEG_10358
ko05164,0.021204410517387615,0.17005937234944868,0.1665211480199722,0.507550249892121,1.607683444385645,23,FVEG_12481;FVEG_06268;FVEG_07160;FVEG_07936;FVEG_02000;FVEG_14988;FVEG_02944;FVEG_00720;FVEG_04168
ko01521,0.023173803526448364,0.18220971008050577,0.15012944108802184,0.604633327192389,1.626996251507995,13,FVEG_05198;FVEG_06268;FVEG_07936;FVEG_17759
ko03440,0.024195844007970396,0.1833336264045438,0.15627914647543964,0.49204463153196376,1.5769917560044422,24,FVEG_15917;FVEG_06977;FVEG_07987;FVEG_02845;FVEG_01282;FVEG_16733;FVEG_15593;FVEG_15916;FVEG_02883
ko03013,0.024231127679403542,0.1833336264045438,0.2005131804004132,0.31987241245012354,1.3854695404239512,95,FVEG_05198;FVEG_02019;FVEG_02000;FVEG_07937;FVEG_01196;FVEG_05458;FVEG_14988;FVEG_14967;FVEG_15430;FVEG_07105;FVEG_06827;FVEG_11504;FVEG_00815;FVEG_15997;FVEG_02683;FVEG_04258;FVEG_02651;FVEG_09662;FVEG_03839;FVEG_13124;FVEG_16538;FVEG_01005;FVEG_15589;FVEG_05132;FVEG_15967;FVEG_10352;FVEG_01454;FVEG_06043;FVEG_03031;FVEG_06350;FVEG_11541
ko04540,0.02746825602487691,0.20397723455510444,0.13971521655337235,0.5562147678525693,1.597728078642219,16,FVEG_03043;FVEG_06268;FVEG_06962;FVEG_05512;FVEG_04081;FVEG_02837;FVEG_00855;FVEG_06392;FVEG_01931;FVEG_00557;FVEG_11565
ko04660,0.028215556685307574,0.20571705874196977,0.13648319801200426,0.5797898524357334,1.596839290094503,14,FVEG_07936;FVEG_11264;FVEG_04168;FVEG_07081;FVEG_07853;FVEG_11385;FVEG_02837;FVEG_06392;FVEG_11565
ko04217,0.02875035582123541,0.20587308364848927,0.14318464218377616,0.48535077362802415,1.5555380949869209,24,FVEG_13088;FVEG_10450;FVEG_04169;FVEG_07470;FVEG_03084;FVEG_02814;FVEG_03222;FVEG_04651;FVEG_11506;FVEG_02649;FVEG_04506;FVEG_10299;FVEG_05100;FVEG_09724
ko04110,0.029304029304029304,0.20615641668273246,0.1611591456616824,0.3653363179929768,1.4258724033996641,56,FVEG_07936;FVEG_07348;FVEG_11345;FVEG_06977;FVEG_00893;FVEG_00400;FVEG_01001;FVEG_08045;FVEG_05211;FVEG_09258;FVEG_01340;FVEG_04147;FVEG_00961;FVEG_01468;FVEG_14962;FVEG_09235;FVEG_06184;FVEG_00536;FVEG_08063;FVEG_01156;FVEG_01370;FVEG_07330;FVEG_09085
ko04213,0.029997029997029998,0.20682568399669904,0.14318464218377616,0.44859222744746174,1.5210757382952693,30,FVEG_00720;FVEG_07050;FVEG_07850;FVEG_07510;FVEG_01441;FVEG_04063;FVEG_00400;FVEG_01958;FVEG_01940;FVEG_06667
H2_MAPK_signaling,0.030430711610486893,0.20682568399669904,0.1259529316386221,0.6881956426364075,1.595126800627864,8,FVEG_03043;FVEG_02618;FVEG_04168
ko04150,0.03132212331025387,0.20933619079019672,0.1477048969054665,0.3883812350855858,1.4499868193844538,44,FVEG_05198;FVEG_06268;FVEG_07936;FVEG_02964;FVEG_11264;FVEG_06385;FVEG_07785;FVEG_01958;FVEG_15320;FVEG_11383;FVEG_03839;FVEG_00559;FVEG_08178;FVEG_01277;FVEG_11385;FVEG_04142;FVEG_02837;FVEG_06922
ko04070,0.03247863247863248,0.21350707580215778,0.13464697390437824,0.47039130198164314,1.5289740775047274,25,FVEG_05258;FVEG_06268;FVEG_04539;FVEG_06162;FVEG_00347;FVEG_00503;FVEG_11463;FVEG_07026;FVEG_06115;FVEG_02778;FVEG_09745
ko04010,0.03320599471054952,0.21476780449887672,0.13525091239263964,0.4522533109541036,1.5046403142173828,28,FVEG_12481;FVEG_03043;FVEG_02390;FVEG_06268;FVEG_07160;FVEG_00720;FVEG_04168;FVEG_17759;FVEG_07081;FVEG_08944;FVEG_14799
ko00670,0.035940803382663845,0.22876606597536828,0.12309533085096205,0.5308837926279324,1.5479673232769384,17,FVEG_01159;FVEG_02871;FVEG_03981;FVEG_04963;FVEG_09239;FVEG_08038;FVEG_01091;FVEG_15622;FVEG_02585;FVEG_02096
ko04330,0.038048151332760106,0.23535091539029515,0.10763038966489588,0.8159761959258411,1.511546591806195,4,FVEG_04750;FVEG_00336;FVEG_00400;FVEG_16309
ko04391,0.038149150873738616,0.23535091539029515,0.11516714100944504,0.6150611510004251,1.5719296350455316,11,FVEG_00646;FVEG_02520;FVEG_00647;FVEG_07097;FVEG_01370;FVEG_06432;FVEG_07930;FVEG_00748
ko04934,0.03887017362010883,0.23616575184338853,0.11710688340940353,0.5373669533381036,1.543587692210077,16,FVEG_12481;FVEG_02390;FVEG_07160;FVEG_07936;FVEG_01836;FVEG_06962;FVEG_08944
ko04530,0.04030823947836396,0.24124782135558132,0.12309533085096205,0.4400503343993689,1.4778774578498937,29,FVEG_02390;FVEG_06268;FVEG_02276;FVEG_11264;FVEG_07850;FVEG_07295;FVEG_07081;FVEG_06667;FVEG_11532;FVEG_02009;FVEG_02447;FVEG_07097;FVEG_11158;FVEG_00855;FVEG_01931;FVEG_06432;FVEG_07930;FVEG_00557
ko05211,0.04134495641344956,0.24381364002637168,0.11121188275410136,0.5893458638439089,1.5480142556238565,12,FVEG_02390;FVEG_00750;FVEG_01836;FVEG_07081;FVEG_02447;FVEG_02837;FVEG_06392;FVEG_11565
H5_fatty_acid_oxylipin,0.04406095098219203,0.2560643673023044,0.09209960257914776,-0.7855616029242558,-1.4877492451280059,5,FVEG_13290;FVEG_14089
ko04068,0.0453781512605042,0.2599519807923169,0.11260357881030983,0.4794142293481765,1.4998662309898603,22,FVEG_06977;FVEG_04168;FVEG_07850;FVEG_07510;FVEG_06667;FVEG_04453;FVEG_01261;FVEG_11401;FVEG_11385;FVEG_02837;FVEG_08108;FVEG_06392
ko04917,0.0475187265917603,0.2683804135675476,0.10035047562952895,0.6643930318543925,1.5399561775796655,8,FVEG_07936;FVEG_06816;FVEG_04168
ko04062,0.04953031596925705,0.2758563431065566,0.10857349262899328,0.4588662770500041,1.470655891038411,24,FVEG_02390;FVEG_07936;FVEG_02276;FVEG_11264;FVEG_06962;FVEG_07081;FVEG_02009;FVEG_10291
H2_conidiation_core,0.05093304061470911,0.2797828669383336,0.0937158165018434,0.7539419700437537,1.4976557801255272,5,FVEG_02891;FVEG_00646;FVEG_11383
ko04014,0.05495151337055539,0.29777779542692856,0.1046518139577638,0.42998573424892017,1.430556404162942,28,FVEG_02390;FVEG_06268;FVEG_01201;FVEG_02635;FVEG_11264;FVEG_01882;FVEG_17759;FVEG_02633;FVEG_00504;FVEG_07081
ko00472,0.05830685853111568,0.3117473369463652,0.08045887240578595,-0.8133295848726967,-1.4415418348309292,4,FVEG_09912;FVEG_11222
ko00311,0.060583807600514045,0.31656073640806465,0.07815764980454142,-0.7701558840899237,-1.4585728616577438,5,FVEG_09912;FVEG_11222;FVEG_03267;FVEG_09058
ko04136,0.06078597681651117,0.31656073640806465,0.0974433570168394,0.45450634679771673,1.4396649972494333,23,FVEG_02498;FVEG_02964;FVEG_02164;FVEG_03012;FVEG_15164;FVEG_00838;FVEG_01958
ko05130,0.06601731601731602,0.3393967143967144,0.09132129023052583,0.4798262610292971,1.4471680255760093,19,FVEG_06268;FVEG_02276;FVEG_11264;FVEG_07081;FVEG_02009;FVEG_01074;FVEG_01121;FVEG_05512;FVEG_04081;FVEG_00855;FVEG_07930;FVEG_00557
ko04310,0.06737012987012987,0.34196736807496303,0.09037473381123272,0.47887357898854965,1.4442947126711412,19,FVEG_06268;FVEG_07936;FVEG_11264;FVEG_07081;FVEG_02295;FVEG_02447;FVEG_05506;FVEG_07853
ko03015,0.07147862648913805,0.3582866152768045,0.10009850312420068,0.34442532022176803,1.3240041350464786,51,FVEG_02019;FVEG_02000;FVEG_07937;FVEG_02114;FVEG_14033;FVEG_02944;FVEG_11504;FVEG_03581;FVEG_04543;FVEG_07144;FVEG_15157;FVEG_16538;FVEG_14723;FVEG_07117;FVEG_01005;FVEG_07097;FVEG_14724;FVEG_05132
ko00562,0.0732360821673117,0.3622941698205717,0.09093922792269911,0.40312914426558755,1.3804366427059018,31,FVEG_05258;FVEG_04539;FVEG_02656;FVEG_06162;FVEG_00347;FVEG_00503;FVEG_11463;FVEG_08943;FVEG_07026;FVEG_06115;FVEG_02778
ko04721,0.07445589919816724,0.3622941698205717,0.08838864914529622,0.4236414533409614,1.3898979188755647,26,FVEG_00742;FVEG_11586;FVEG_09175;FVEG_00559;FVEG_08178;FVEG_00735;FVEG_11582;FVEG_04219;FVEG_01277;FVEG_04142;FVEG_02259;FVEG_06868;FVEG_01460;FVEG_02279;FVEG_15844
ko04657,0.07498856881572931,0.3622941698205717,0.07840404137192353,0.6623170217252967,1.4726432608279705,7,FVEG_03043;FVEG_07936;FVEG_04168;FVEG_07470
ko04650,0.07629830174747723,0.3642335595325996,0.08072674787711105,0.57031804927882,1.4575783913591958,11,FVEG_06268;FVEG_07081;FVEG_02447;FVEG_07853;FVEG_02837;FVEG_06392;FVEG_11565
ko04152,0.078196872125115,0.36843321608946605,0.08927558514084524,0.39063783140389374,1.3555026528026457,33,FVEG_12481;FVEG_07160;FVEG_01198;FVEG_11318;FVEG_07850;FVEG_07785;FVEG_01958;FVEG_11383;FVEG_06667;FVEG_08944;FVEG_04543
ko00500,0.07988787666433077,0.36843321608946605,0.09455545155923946,0.33896975534923945,1.3030324177360577,51,FVEG_06728;FVEG_03908;FVEG_05521;FVEG_09248;FVEG_07525;FVEG_02083;FVEG_04169;FVEG_13391;FVEG_14974;FVEG_04947
ko05161,0.08203024865419123,0.36843321608946605,0.07941237368878319,0.50600211795665,1.4229232942231527,15,FVEG_12481;FVEG_06268;FVEG_07160;FVEG_02288
ko03008,0.08268202385849445,0.36843321608946605,0.10086002509815216,0.30949619909317605,1.271551291602519,73,FVEG_00450;FVEG_05318;FVEG_07963;FVEG_15430;FVEG_05323;FVEG_02998;FVEG_07385;FVEG_07956;FVEG_11587;FVEG_03035;FVEG_05200;FVEG_05090;FVEG_06124;FVEG_05015;FVEG_11633;FVEG_11238;FVEG_02756;FVEG_01313;FVEG_15892;FVEG_01005;FVEG_02295;FVEG_05048;FVEG_02714;FVEG_08988;FVEG_01872;FVEG_02777;FVEG_01229;FVEG_06350
ko01523,0.0836272040302267,0.36843321608946605,0.07791346614835483,0.5283964577245411,1.421851918120257,13,FVEG_01159;FVEG_03981;FVEG_04963;FVEG_09239;FVEG_08038;FVEG_09464;FVEG_01091;FVEG_15622;FVEG_02585
ko00430,0.0847378277153558,0.36843321608946605,0.0744947003424623,0.6278646136994529,1.4552891800377037,8,FVEG_14837;FVEG_17046;FVEG_03657
ko00561,0.08578584846587352,0.36843321608946605,0.08603481432177795,0.37533063379170895,1.3297320589194448,36,FVEG_02233;FVEG_01881;FVEG_00585;FVEG_02550;FVEG_00975;FVEG_00623;FVEG_02675;FVEG_07369;FVEG_05051;FVEG_05478;FVEG_07518;FVEG_09785;FVEG_09194
ko04931,0.08603896103896104,0.36843321608946605,0.079670326613859,0.4638587330670272,1.3990095611665823,19,FVEG_12481;FVEG_06268;FVEG_07160;FVEG_07936;FVEG_04169;FVEG_07850;FVEG_06667;FVEG_08944
ko05032,0.08661048689138577,0.36843321608946605,0.07365326681848156,0.6262464117253843,1.4515384481560294,8,FVEG_06268;FVEG_06962;FVEG_09175;FVEG_10291
ko04012,0.08703834391907786,0.36843321608946605,0.07365326681848156,0.6033011768629578,1.4609661058029957,9,FVEG_06268;FVEG_07936
ko04623,0.08758745789064525,0.36843321608946605,0.07719383524366169,0.49094327369296126,1.4102355757797644,16,FVEG_06367;FVEG_05432;FVEG_00402;FVEG_02570;FVEG_00819;FVEG_08028;FVEG_00658;FVEG_06273;FVEG_00551;FVEG_10463
ko04130,0.0882034632034632,0.36843321608946605,0.07865267464404885,0.46287051641732013,1.3960290749907527,19,FVEG_01145;FVEG_04048;FVEG_02214;FVEG_00952;FVEG_11523;FVEG_09059;FVEG_09514;FVEG_06456
ko04392,0.08918539325842696,0.3686942546044249,0.07253936631991478,0.6237713825954679,1.445801728751152,8,FVEG_00646;FVEG_00647;FVEG_09743;FVEG_00748;FVEG_15183
ko05205,0.09023626530031312,0.3692320651574037,0.07980020895275265,0.42679355657187323,1.3678635576901677,24,FVEG_06268;FVEG_11264;FVEG_10318;FVEG_04168;FVEG_07081;FVEG_02447;FVEG_11385;FVEG_02837;FVEG_06392;FVEG_01931;FVEG_07930;FVEG_11565
ko04390,0.0920183019827148,0.37272059691988513,0.0744947003424623,0.5099203676899895,1.4044069148951985,14,FVEG_07936;FVEG_00646;FVEG_00647;FVEG_05506;FVEG_07097;FVEG_01370;FVEG_06432;FVEG_07930;FVEG_00748
ko05323,0.09330940784414253,0.3741707254550115,0.07428177308004398,0.4960271125915553,1.394872685361452,15,FVEG_00742;FVEG_11586;FVEG_00559;FVEG_08178;FVEG_04219;FVEG_01277;FVEG_04142;FVEG_02259
ko04071,0.0976481095564156,0.3876919993279471,0.07840404137192353,0.38949103880554764,1.3337356269596343,31,FVEG_06268;FVEG_02635;FVEG_03105;FVEG_11264;FVEG_04168;FVEG_02633;FVEG_06962;FVEG_07081;FVEG_11249;FVEG_04543;FVEG_02447;FVEG_07097;FVEG_11266;FVEG_01190;FVEG_11385
ko04662,0.10161718561428916,0.3994950140326466,0.0688594151123592,0.5688924228915563,1.4181988053085473,10,FVEG_07936;FVEG_07081;FVEG_02447;FVEG_07853;FVEG_02837;FVEG_06392;FVEG_11565
ko05014,0.10263352202805809,0.39957322653642036,0.06920372515975116,0.5480483331504149,1.4006630314972506,11,FVEG_04168;FVEG_01940;FVEG_07081;FVEG_02447;FVEG_07853;FVEG_10310
ko04728,0.109106529209622,0.4206895982024848,0.07253936631991478,0.4044869907348697,1.3270552779974545,26,FVEG_12481;FVEG_06268;FVEG_07160;FVEG_07936;FVEG_04168;FVEG_06962;FVEG_08944;FVEG_04543;FVEG_10291;FVEG_07362;FVEG_07097
ko04113,0.11025537089582489,0.42107051170691223,0.08635999614259576,0.3010439426957429,1.233372367090112,72,FVEG_11244;FVEG_07936;FVEG_11345;FVEG_09261;FVEG_01441;FVEG_00893;FVEG_01001;FVEG_04543;FVEG_05211;FVEG_09258;FVEG_08110;FVEG_01340;FVEG_04147;FVEG_00961;FVEG_01468;FVEG_14962;FVEG_09235;FVEG_00536;FVEG_07097;FVEG_08063;FVEG_02853;FVEG_01156;FVEG_10410;FVEG_06718;FVEG_07330;FVEG_01363;FVEG_09085;FVEG_01931;FVEG_06196;FVEG_06432;FVEG_07021;FVEG_15183
ko03020,0.11321873147599289,0.4283085973761618,0.07244046740442227,0.3896190867112407,1.3085077328359178,29,FVEG_05615;FVEG_06367;FVEG_05432;FVEG_09286;FVEG_01252;FVEG_00402;FVEG_02570;FVEG_00819
ko04973,0.11833688699360341,0.4434868381722894,0.05403146826676769,-0.6596168257701918,-1.3691805405814945,7,FVEG_11139;FVEG_09346;FVEG_10632
ko04371,0.12079261672095548,0.4456911379729324,0.06689070510069295,0.431704351093304,1.320018952255441,20,FVEG_06268;FVEG_07850;FVEG_06962;FVEG_06667;FVEG_10291;FVEG_00520;FVEG_07362;FVEG_11401;FVEG_02837;FVEG_06392;FVEG_01931
ko05133,0.12114796518466243,0.4456911379729324,0.061945887634562026,0.5783436586284998,1.4005284842238388,9,FVEG_11264;FVEG_04168;FVEG_06962;FVEG_07362
ko00980,0.12256586483390607,0.4468082890763303,0.06826837231941177,0.3979158992108536,1.3054966076597332,26,FVEG_02732;FVEG_07491;FVEG_03001;FVEG_12433;FVEG_09203;FVEG_00585;FVEG_02675
ko04210,0.1256802280383519,0.4540339769673794,0.0639357739676871,0.464224899568741,1.3334869904828537,16,FVEG_06977;FVEG_05820;FVEG_04506;FVEG_11266;FVEG_11385;FVEG_02837;FVEG_00855;FVEG_06392;FVEG_07930;FVEG_11557;FVEG_00557
ko03430,0.12866495872473668,0.46066650400553044,0.06634583407588206,0.4051801101190933,1.2985929576457014,24,FVEG_15917;FVEG_00780;FVEG_01336;FVEG_07987;FVEG_02845;FVEG_02073;FVEG_15916
ko04013,0.13333333333333333,0.47263415052288704,0.06428513733333485,0.42257552920356867,1.303883446531852,21,FVEG_12481;FVEG_07160;FVEG_04168;FVEG_07510;FVEG_11477;FVEG_07081;FVEG_08944;FVEG_02447;FVEG_02837;FVEG_06454;FVEG_08108;FVEG_06392;FVEG_06432;FVEG_11574;FVEG_11565
ko03060,0.13436482084690554,0.47263415052288704,0.06325274260551386,0.4233882457425542,1.2945908632307601,20,FVEG_05476;FVEG_09168;FVEG_06114;FVEG_15817;FVEG_09607;FVEG_06685;FVEG_10165;FVEG_02468;FVEG_05187
ko04921,0.1360564208051719,0.4744228238510777,0.06551434202847482,0.3846142359235485,1.2796060764521764,28,FVEG_03043;FVEG_06268;FVEG_11264;FVEG_07850;FVEG_06962;FVEG_00789;FVEG_06667
ko04115,0.13854694665701184,0.4789424621505323,0.05849027535949628,0.5427612812879694,1.3530561661867397,10,FVEG_06977;FVEG_00893;FVEG_07120;FVEG_08045;FVEG_14962
ko05416,0.1433589462129528,0.4913413455674707,0.05460504008636142,0.675746823852581,1.3423263020966358,5,FVEG_07105;FVEG_07081;FVEG_02447;FVEG_07930;FVEG_11557
ko04020,0.14489069649211997,0.4923827906215263,0.05870777632750744,0.4778414136417804,1.3160560512260306,14,FVEG_06268;FVEG_04539;FVEG_04651;FVEG_01395;FVEG_02649;FVEG_07362;FVEG_07853
ko04910,0.14942528735632185,0.5035255481502946,0.0633201262592919,0.36231274216622317,1.248511569541406,32,FVEG_05198;FVEG_07936;FVEG_04169;FVEG_07850;FVEG_07785;FVEG_01958;FVEG_06667;FVEG_01889;FVEG_02067;FVEG_02622;FVEG_03829;FVEG_07362
ko04380,0.1522633744855967,0.5088134430727024,0.05403146826676769,0.606439111142466,1.348400298998909,7,FVEG_04168;FVEG_07081;FVEG_02447;FVEG_07853
ko05134,0.1550758075148319,0.5139289158136164,0.04477631593195109,-0.5251871541608575,-1.3041289888866374,14,FVEG_11084
ko00250,0.15702115158636898,0.516110506443721,0.0417110149952,-0.41176013365228076,-1.2600111113731924,36,FVEG_10049;FVEG_09912;FVEG_02816;FVEG_04203;FVEG_04286;FVEG_11573;FVEG_08157;FVEG_06479;FVEG_00612;FVEG_03267
H4_oxidative_stress,0.15985356924954242,0.5210401422680299,0.04217653911276424,-0.4391384968309171,-1.2726660222126438,27,FVEG_12888;FVEG_06714;FVEG_01597
ko00511,0.16111964499061274,0.5210401422680299,0.044697670642020064,-0.573737475315783,-1.3108057505477104,10,FVEG_08557;FVEG_00368;FVEG_07227;FVEG_09934;FVEG_11647;FVEG_01414;FVEG_05780
ko04218,0.16375344986200552,0.5238231890978549,0.0607718687747803,0.3546749168673473,1.230712317259334,33,FVEG_06977;FVEG_04168;FVEG_00893;FVEG_03084;FVEG_07785;FVEG_04651;FVEG_08045;FVEG_02649;FVEG_14962;FVEG_05189;FVEG_07362;FVEG_05506;FVEG_07853
ko05210,0.167141746566468,0.5238231890978549,0.05496639836264192,0.44020773269533153,1.2644976286375507,16,FVEG_07936;FVEG_11264;FVEG_07081;FVEG_02447;FVEG_02837;FVEG_06392;FVEG_11557;FVEG_11565
H4_glutathione_detox,0.16720540699382896,0.5238231890978549,0.05876250268522047,0.37212620023590837,1.238058559859389,28,FVEG_12433;FVEG_17046;FVEG_09203;FVEG_04532;FVEG_03657;FVEG_02759;FVEG_07120;FVEG_07356;FVEG_04790;FVEG_02608
ko00480,0.16720540699382896,0.5238231890978549,0.05876250268522047,0.37212620023590837,1.238058559859389,28,FVEG_12433;FVEG_17046;FVEG_09203;FVEG_04532;FVEG_03657;FVEG_02759;FVEG_07120;FVEG_07356;FVEG_04790;FVEG_02608
ko04622,0.16970973782771537,0.5241461893732783,0.051620810578190644,0.5672520292045027,1.3147989589534397,8,FVEG_02288;FVEG_04168;FVEG_05614
ko04341,0.17007762879322513,0.5241461893732783,0.05169778104977241,0.5409887097549748,1.310068998512243,9,FVEG_07936;FVEG_05506;FVEG_01931;FVEG_08277;FVEG_00813;FVEG_04172
ko04550,0.17122980251346498,0.5241461893732783,0.050214911675094585,0.6235565473119508,1.3176049522664017,6,FVEG_07936;FVEG_04168;FVEG_01406;FVEG_02837;FVEG_06392
ko04976,0.17488936239960662,0.5286641260685961,0.04175478081354874,-0.5037585071723203,-1.2751060916343888,15,FVEG_12319;FVEG_11139;FVEG_09346
ko04720,0.17534246575342466,0.5286641260685961,0.05244486926572743,0.485462823901554,1.2751482925042785,12,FVEG_02390;FVEG_06268
ko05225,0.1804991294254208,0.5363922380546422,0.05604299460649974,0.36917632981632614,1.2213406946438297,27,FVEG_06268;FVEG_07936;FVEG_12433;FVEG_09203;FVEG_07326;FVEG_07356
ko04713,0.18183956716066807,0.5363922380546422,0.04986182818702141,0.5321711277900381,1.2887161669913478,9,FVEG_06268;FVEG_06962;FVEG_10291;FVEG_07362
ko00563,0.18213058419243985,0.5363922380546422,0.05538086661730362,0.37173755039381284,1.2196097515613538,26,FVEG_00580;FVEG_03074;FVEG_09402;FVEG_09185;FVEG_06951;FVEG_02994;FVEG_16072;FVEG_17042;FVEG_05374;FVEG_00497;FVEG_12154;FVEG_06898;FVEG_07321;FVEG_04690
H3_sugar_transporters,0.1840605130453848,0.5363922380546422,0.03212305617051826,-0.28160470014301625,-1.1403264869522736,272,FVEG_11929;FVEG_11081;FVEG_11930;FVEG_10047;FVEG_10824;FVEG_11598;FVEG_00229;FVEG_08735;FVEG_11985;FVEG_08581;FVEG_12908;FVEG_06346;FVEG_10692;FVEG_13167;FVEG_12533;FVEG_11408;FVEG_03278;FVEG_08721;FVEG_02750;FVEG_00749;FVEG_09867;FVEG_14607;FVEG_13163;FVEG_05981;FVEG_05882;FVEG_14570;FVEG_06209;FVEG_05448;FVEG_00214;FVEG_06870;FVEG_00198;FVEG_12019;FVEG_07540;FVEG_08153;FVEG_03511;FVEG_11840;FVEG_13868;FVEG_10816;FVEG_12845;FVEG_08606;FVEG_00197;FVEG_09016;FVEG_15910;FVEG_08656
ko05132,0.18459383753501402,0.5363922380546422,0.054338253937587,0.39229950529835705,1.227324398007611,22,FVEG_02276;FVEG_04168;FVEG_07081;FVEG_15419;FVEG_02009;FVEG_15418;FVEG_01074;FVEG_02447;FVEG_15367;FVEG_06454;FVEG_07930;FVEG_04809
GT4,0.1878761822871883,0.5415528740381974,0.04663330828533923,0.6954986865281747,1.2883692863546374,4,FVEG_00580;FVEG_11539;FVEG_09738
ko05100,0.1893939393939394,0.5415528740381974,0.052605918148347655,0.4077838120952928,1.2298861945277546,19,FVEG_02276;FVEG_11264;FVEG_07081;FVEG_02009;FVEG_04665;FVEG_01074;FVEG_02447
ko02024,0.1905075807514832,0.5415528740381974,0.039914216648410286,-0.5072411425499762,-1.2595659911224573,14,FVEG_12816;FVEG_08157;FVEG_12302;FVEG_04477;FVEG_09587
ko00565,0.19177184068185543,0.5415528740381974,0.039643181079781306,-0.49652594083944496,-1.2567991265749492,15,FVEG_06138;FVEG_06017;FVEG_07273;FVEG_12046;FVEG_12302;FVEG_16317;FVEG_07265
ko05131,0.19988690981057394,0.553824285009933,0.05232495865480885,0.3821069721860839,1.2103374065887331,23,FVEG_02276;FVEG_04168;FVEG_04885;FVEG_07081;FVEG_02009;FVEG_01074;FVEG_02447;FVEG_05506;FVEG_05126;FVEG_06454;FVEG_07930
H5_Ehrlich_fusel,0.20012897678417885,0.553824285009933,0.04504111299111392,0.6883537488421893,1.2751337210748623,4,FVEG_07491;FVEG_01416
ko04725,0.20132180986273512,0.553824285009933,0.04920898728497633,0.4483280696968422,1.2347713115994883,14,FVEG_12481;FVEG_06268;FVEG_07160
GT1,0.20164175962955166,0.553824285009933,0.04433539010520094,0.7401628312866301,1.2565353091174578,3,FVEG_09748;FVEG_16030
GH37,0.2045324700057132,0.557942316138034,0.04160211472358708,-0.7592920109205646,-1.250271515302029,3,FVEG_17533
ko04624,0.2075790489983104,0.5592700285699795,0.0470476102932455,0.5019058624541834,1.2512071981763142,10,FVEG_12481;FVEG_07160;FVEG_02243;FVEG_04168;FVEG_11477;FVEG_08944
ko04966,0.20780856423173805,0.5592700285699795,0.04812769089966659,0.45651776024563023,1.2284349063513142,13,FVEG_00742;FVEG_11586;FVEG_00559;FVEG_08178;FVEG_04142;FVEG_02259;FVEG_01460;FVEG_02279
ko00640,0.2134563858291158,0.5644346415330264,0.051930572739816244,0.3431370359548731,1.1750054409103514,31,FVEG_11561;FVEG_14837;FVEG_11893;FVEG_07484
ko04727,0.2135306553911205,0.5644346415330264,0.048676687486809755,0.4124563398776505,1.2026529068603118,17,FVEG_06268;FVEG_06962;FVEG_09175;FVEG_10291;FVEG_11582;FVEG_04218;FVEG_11401
ko04922,0.2145658263305322,0.5644346415330264,0.05010828060671096,0.3825165657265838,1.1967180876286576,22,FVEG_12481;FVEG_07160;FVEG_04169;FVEG_07850;FVEG_06667;FVEG_08944;FVEG_06178;FVEG_01261;FVEG_07362;FVEG_07853
H5_esterases_lipases,0.217156920192195,0.5644346415330264,0.030255900081709516,-0.29450032451250796,-1.139370562838485,163,FVEG_13359;FVEG_12319;FVEG_17605;FVEG_13383;FVEG_10697;FVEG_15738;FVEG_08580;FVEG_08897;FVEG_01351;FVEG_06138;FVEG_08379;FVEG_11974;FVEG_12968;FVEG_13585;FVEG_07273;FVEG_17344;FVEG_07778;FVEG_11754;FVEG_10361;FVEG_11155;FVEG_02741;FVEG_00113;FVEG_14896;FVEG_07532;FVEG_02244;FVEG_10710;FVEG_02615;FVEG_07246;FVEG_05319;FVEG_10515;FVEG_05983;FVEG_16800;FVEG_13164;FVEG_06826;FVEG_16317;FVEG_12994;FVEG_01775;FVEG_08198;FVEG_07265;FVEG_01051;FVEG_10657;FVEG_07569;FVEG_06279;FVEG_04083;FVEG_00452;FVEG_03672;FVEG_10457;FVEG_16674;FVEG_08772;FVEG_11572;FVEG_08709;FVEG_00037;FVEG_03877;FVEG_02255;FVEG_10766;FVEG_05196;FVEG_12905;FVEG_01943;FVEG_16850;FVEG_15102;FVEG_06015;FVEG_16132
ko04340,0.2215363511659808,0.5644346415330264,0.0440560759786921,0.5635963398251693,1.2531406025302005,7,FVEG_07936;FVEG_05506;FVEG_01931;FVEG_00813;FVEG_04172
ko05223,0.22447501810282405,0.5644346415330264,0.045067819390326856,0.4931585367440013,1.2294008840602448,10,FVEG_06268;FVEG_11385;FVEG_02837;FVEG_06392;FVEG_11565;FVEG_06419
H3_CAZy_GH_all,0.2245062474808545,0.5644346415330264,0.05943045084490919,0.2777938613040615,1.125822993083069,69,FVEG_06728;FVEG_03908;FVEG_02273;FVEG_05521;FVEG_09248;FVEG_07525;FVEG_02083;FVEG_04979;FVEG_13391;FVEG_14974;FVEG_04947;FVEG_04206;FVEG_02217;FVEG_09787;FVEG_05155;FVEG_01364;FVEG_07762;FVEG_03118;FVEG_09402;FVEG_01779
ko00260,0.22562141491395793,0.5644346415330264,0.03243706980829171,-0.34936626545344995,-1.171931872841412,58,FVEG_09912;FVEG_02337;FVEG_02842;FVEG_12057;FVEG_02338;FVEG_11222;FVEG_05781;FVEG_05954;FVEG_02095;FVEG_11573;FVEG_13749;FVEG_02339;FVEG_07790;FVEG_08398;FVEG_12521;FVEG_03267;FVEG_01667;FVEG_00354;FVEG_04256;FVEG_15472;FVEG_05602;FVEG_04880;FVEG_06242;FVEG_07836;FVEG_13203;FVEG_04687
ko04141,0.2262266608771168,0.5644346415330264,0.061568335579546274,0.26324459174208076,1.1103743083448678,83,FVEG_15998;FVEG_04979;FVEG_00949;FVEG_00720;FVEG_07794;FVEG_05473;FVEG_05476;FVEG_06085;FVEG_07470;FVEG_11477;FVEG_09787;FVEG_01012;FVEG_07295;FVEG_05820;FVEG_03121;FVEG_11470;FVEG_01377;FVEG_09607;FVEG_06685;FVEG_03839;FVEG_05084;FVEG_09163;FVEG_02468;FVEG_03721;FVEG_05161;FVEG_09718;FVEG_06966;FVEG_05220
H4_RNAi_antiviral,0.2270032930845225,0.5644346415330264,0.04249442992098719,0.6263604743227182,1.2442235902547598,5,FVEG_01865;FVEG_00803
ko00230,0.22722620266120777,0.5644346415330264,0.06696957865216217,0.24575226094540062,1.0992543505757115,114,FVEG_08266;FVEG_03808;FVEG_01461;FVEG_05615;FVEG_06367;FVEG_05432;FVEG_05014;FVEG_10452;FVEG_04216;FVEG_03991;FVEG_09286;FVEG_04004;FVEG_00462;FVEG_07120;FVEG_01252;FVEG_00402;FVEG_01789;FVEG_02570;FVEG_06249;FVEG_03641;FVEG_07987;FVEG_12148;FVEG_00618;FVEG_00819;FVEG_01091;FVEG_04580;FVEG_01922;FVEG_08159;FVEG_09182;FVEG_02096;FVEG_07528;FVEG_05517
ko05031,0.22763394001538068,0.5644346415330264,0.046228538219557885,0.42454748062130476,1.193865555581649,15,FVEG_12481;FVEG_06268;FVEG_07160
ko05212,0.22818160432839332,0.5644346415330264,0.04403091139403732,0.5072015318287652,1.2282492977491857,9,FVEG_01201;FVEG_07081;FVEG_01282;FVEG_02447;FVEG_02837;FVEG_06392
ko00920,0.22943353259322516,0.5644346415330264,0.048742381660649085,0.36650838726913954,1.1746509730842785,24,FVEG_02132;FVEG_05291;FVEG_09495;FVEG_01461;FVEG_09096
ko04810,0.23161655254540042,0.5663307168945462,0.04968777560118594,0.33780074602659454,1.1567323632679047,31,FVEG_02276;FVEG_11264;FVEG_04885;FVEG_00347;FVEG_07081;FVEG_11463;FVEG_02009;FVEG_01074;FVEG_02447;FVEG_02837;FVEG_06454;FVEG_06392;FVEG_07930;FVEG_11565
ko00620,0.23340177960301164,0.5672370522473191,0.05334765892179997,0.2987525191127518,1.1339051544533152,48,FVEG_14837;FVEG_05491;FVEG_06302;FVEG_00585;FVEG_08018;FVEG_02675;FVEG_07917;FVEG_01836;FVEG_01152
ko04961,0.2352247853173935,0.5682237283871975,0.035809099673656204,-0.5183020165246686,-1.2162102138728303,11,FVEG_11139;FVEG_09346
ko00360,0.2390057361376673,0.5739000011449377,0.032758359917101465,-0.3877172825888989,-1.1748463581480806,34,FVEG_12593;FVEG_12888;FVEG_06552;FVEG_15334;FVEG_03798;FVEG_11002;FVEG_13749
ko00362,0.24440068914595126,0.5802869436018077,0.04346228872332276,0.4705478381937852,1.2025927671749657,11,FVEG_15389;FVEG_11476
ko00261,0.24612222014576715,0.5802869436018077,0.03705212713369642,-0.6861982146944381,-1.21621474475585,4,FVEG_12521;FVEG_07836;FVEG_02472;FVEG_02169
ko04710,0.24625468164794007,0.5802869436018077,0.04208683614518371,0.5235665668090506,1.213543084100971,8,FVEG_07850;FVEG_06667;FVEG_05506;FVEG_08277;FVEG_04172
ko04970,0.24864767399927876,0.5802869436018077,0.036079814407194426,-0.6134259093701955,-1.222177729826154,6,FVEG_11139;FVEG_09346
ko04960,0.24973821989528797,0.5802869436018077,0.03531101094402161,-0.5615038571916564,-1.2103399523558565,8,FVEG_11139;FVEG_09346
ko00903,0.2517953321364452,0.5802869436018077,0.04059252386832715,0.5775912744502386,1.2204781216430203,6,FVEG_00585;FVEG_02675
ko00981,0.2517953321364452,0.5802869436018077,0.04059252386832715,0.5775912744502386,1.2204781216430203,6,FVEG_00585;FVEG_02675
ko04620,0.2588134135855546,0.5901673811220259,0.03900388940809385,0.6566308764420873,1.2163690170331345,4,FVEG_04168;FVEG_07081;FVEG_02447
ko05410,0.2593138286676489,0.5901673811220259,0.03849652205719156,0.7103643947971953,1.205948078817901,3,FVEG_07850;FVEG_06667
ko04140,0.2619755533531549,0.5901673811220259,0.04917526063972247,0.30686702096829793,1.1258468834434765,42,FVEG_02498;FVEG_02964;FVEG_02164;FVEG_03012;FVEG_15164;FVEG_07785;FVEG_01958;FVEG_05820;FVEG_00520;FVEG_11401;FVEG_11367;FVEG_11266;FVEG_11385;FVEG_05096;FVEG_02837;FVEG_08256;FVEG_06392;FVEG_01931;FVEG_06432;FVEG_05086;FVEG_04809
ko05215,0.26224045116636757,0.5901673811220259,0.04274859099116731,0.4111163034698932,1.1560958819787837,15,FVEG_12481;FVEG_07160;FVEG_07936
ko04933,0.2635993899339095,0.5901673811220259,0.04242578959526126,0.4217501240208725,1.1615711551512689,14,FVEG_06268;FVEG_04539;FVEG_04168;FVEG_04885;FVEG_07081
ko00650,0.26589327146171693,0.5901673811220259,0.031670616640160694,-0.41482041363987127,-1.1620758159497495,23,FVEG_10049;FVEG_10707
ko04066,0.266384778012685,0.5901673811220259,0.043101603890193116,0.3929534672949806,1.1457858299458632,17,FVEG_05198;FVEG_06268;FVEG_00750;FVEG_01889;FVEG_02067
GT2,0.2690176322418136,0.5927256622470728,0.04173288314238488,0.4338217793380843,1.1673627255763293,13,FVEG_01793;FVEG_10214;FVEG_07280;FVEG_03058;FVEG_10778;FVEG_05374;FVEG_01403;FVEG_11668;FVEG_02839
ko04915,0.27326839826839827,0.5988012442930476,0.04305409842648076,0.37885025964143937,1.142621875380816,19,FVEG_12481;FVEG_07160;FVEG_00720;FVEG_07470;FVEG_06962;FVEG_08944
ko04912,0.2752884357392004,0.5999492539751052,0.04267888442721621,0.38188605021189753,1.1325001055616202,18,FVEG_03043;FVEG_06268;FVEG_02635;FVEG_04168;FVEG_02633;FVEG_07081
ko00860,0.2775186567164179,0.6015404396934247,0.030955342541650964,-0.41278677291469834,-1.1465051706275011,22,FVEG_12125;FVEG_05065;FVEG_11066;FVEG_12748
ko04913,0.2799476733320875,0.6025881082466208,0.03437687115548825,-0.6714235228519745,-1.1900281449028762,4,FVEG_07273;FVEG_16317
H3_CAZy_GT_all,0.2834264432029795,0.6025881082466208,0.0502863396522084,0.27612045024957776,1.0912084146883045,59,FVEG_01362;FVEG_03975;FVEG_00580;FVEG_04169;FVEG_06271;FVEG_01793;FVEG_09748;FVEG_05131;FVEG_04190;FVEG_15829;FVEG_06951;FVEG_16030;FVEG_11539;FVEG_10214;FVEG_09738;FVEG_07280;FVEG_16080;FVEG_09616;FVEG_09204;FVEG_03058;FVEG_11250
ko00591,0.28413635498000384,0.6025881082466208,0.03445809827771818,-0.7169816547263772,-1.1806020964341284,3,FVEG_07273;FVEG_16317
ko04926,0.28414274215186475,0.6025881082466208,0.0419310333602392,0.3785845052562794,1.1227092268199659,18,FVEG_12481;FVEG_06268;FVEG_07160;FVEG_04168;FVEG_06962;FVEG_08944;FVEG_10291
ko04971,0.2855155625108677,0.6025881082466208,0.03255520188955747,-0.5260407538426872,-1.1676103105706113,9,FVEG_11139;FVEG_09346
ko00750,0.2876021561467571,0.603813950863087,0.032413563629558384,-0.5252029755433286,-1.1657507615277705,9,FVEG_05954;FVEG_06020;FVEG_04880;FVEG_04227;FVEG_05117
ko00100,0.2949607724803862,0.6136505047749485,0.029270884953179605,-0.3852775355061665,-1.1329507400367447,29,FVEG_17062;FVEG_11622;FVEG_08786;FVEG_05904;FVEG_02775;FVEG_04575;FVEG_04041;FVEG_07284;FVEG_09413;FVEG_12391;FVEG_10277;FVEG_14609
GH5,0.2953479985575189,0.6136505047749485,0.03260273754553942,-0.5868847861353801,-1.1692977173476025,6,FVEG_06900;FVEG_08463;FVEG_09719
ko04668,0.300561797752809,0.6192950319073147,0.03759665920792369,0.4985878868302327,1.1556465218299863,8,FVEG_12481;FVEG_07160;FVEG_04168;FVEG_08944
GH20,0.30394210626547324,0.6192950319073147,0.03311190200254798,-0.7076324522256551,-1.1652074374500683,3,FVEG_09934;FVEG_11647;FVEG_01414
ko00604,0.30394210626547324,0.6192950319073147,0.03311190200254798,-0.7076324522256551,-1.1652074374500683,3,FVEG_09934;FVEG_11647;FVEG_01414
ko00906,0.30424219772005234,0.6192950319073147,0.03272229237215844,-0.6599992384569038,-1.1697797927037143,4,FVEG_10717;FVEG_10718
ko05020,0.30635573845450387,0.6204477329305861,0.036683970081565494,0.5187744094578686,1.1534803016054826,7,FVEG_00423;FVEG_01940
ko04137,0.3158033826638478,0.6363676203427285,0.039170573577989184,0.37729371750674323,1.1001246489124588,17,FVEG_02783;FVEG_02115;FVEG_00520;FVEG_02295;FVEG_11401;FVEG_10300;FVEG_02837;FVEG_06392;FVEG_04232;FVEG_05086;FVEG_04809;FVEG_02228
ko02010,0.31907365712447733,0.6379190712315321,0.02900370742733096,-0.430731792039094,-1.1261053155342289,17,FVEG_13167;FVEG_12943;FVEG_07897;FVEG_17422;FVEG_01835;FVEG_07368
ko00053,0.32005792903692976,0.6379190712315321,0.03690698307873638,0.45019418970770925,1.1222945434132254,10,FVEG_00585;FVEG_10421;FVEG_02675;FVEG_08943
ko01100,0.3220338983050847,0.6379190712315321,0.3350685587170139,0.1845315218686184,1.0174495118650637,945,FVEG_04031;FVEG_08266;FVEG_02132;FVEG_06728;FVEG_08321;FVEG_07431;FVEG_05258;FVEG_11561;FVEG_02233;FVEG_11500;FVEG_02273;FVEG_05291;FVEG_14837;FVEG_07491;FVEG_07039;FVEG_09088;FVEG_02183;FVEG_09495;FVEG_05818;FVEG_09077;FVEG_02112;FVEG_05491;FVEG_01881;FVEG_05262;FVEG_02363;FVEG_05521;FVEG_06008;FVEG_09248;FVEG_07306;FVEG_01362;FVEG_05003;FVEG_02056;FVEG_11349;FVEG_01220;FVEG_12433;FVEG_07783;FVEG_03808;FVEG_17046;FVEG_02635;FVEG_11642;FVEG_03105;FVEG_04539;FVEG_01159;FVEG_01461;FVEG_03975;FVEG_07525;FVEG_05615;FVEG_00585;FVEG_06816;FVEG_01841;FVEG_02318;FVEG_01416;FVEG_02083;FVEG_07018;FVEG_00580;FVEG_09096;FVEG_04979;FVEG_13338;FVEG_10271;FVEG_15164;FVEG_02844;FVEG_04169;FVEG_01882;FVEG_05046;FVEG_04796;FVEG_13391;FVEG_14974;FVEG_02131;FVEG_07484;FVEG_02550;FVEG_06367;FVEG_04947;FVEG_01014;FVEG_02656;FVEG_09244;FVEG_16233;FVEG_10421;FVEG_02603;FVEG_02725;FVEG_00975;FVEG_00623;FVEG_06162;FVEG_05432;FVEG_04532;FVEG_03657;FVEG_02066;FVEG_02675;FVEG_04467;FVEG_01304;FVEG_01289;FVEG_03852;FVEG_11476;FVEG_05014;FVEG_10452;FVEG_04216;FVEG_03991;FVEG_04063;FVEG_02759;FVEG_08231;FVEG_03981;FVEG_02202;FVEG_09286;FVEG_02633;FVEG_04004;FVEG_00742;FVEG_01836;FVEG_04963;FVEG_01793;FVEG_02751;FVEG_11104;FVEG_00462;FVEG_06660;FVEG_07989;FVEG_09239;FVEG_10267;FVEG_06329;FVEG_09787;FVEG_03996;FVEG_01888;FVEG_03074;FVEG_01142;FVEG_01364;FVEG_07120;FVEG_02252;FVEG_05917;FVEG_01152;FVEG_01252;FVEG_02650;FVEG_01322;FVEG_07762;FVEG_07522;FVEG_04039;FVEG_00402;FVEG_02916;FVEG_09748;FVEG_09152;FVEG_07369;FVEG_05131;FVEG_08038;FVEG_00503;FVEG_01889;FVEG_09402;FVEG_01789;FVEG_02067;FVEG_01314;FVEG_11249;FVEG_07876;FVEG_02570;FVEG_11463;FVEG_11586;FVEG_06249;FVEG_03641;FVEG_04190;FVEG_07318;FVEG_17707;FVEG_07987;GimoM_p03;FVEG_02608;FVEG_00558;FVEG_02753;FVEG_07026;FVEG_06115;FVEG_12887;FVEG_02636;FVEG_06750;FVEG_09656;FVEG_04098;FVEG_05478;FVEG_01806;FVEG_03006;FVEG_04828;FVEG_07184;FVEG_04720;FVEG_02778;FVEG_01019;FVEG_01186;FVEG_00618;FVEG_04670;FVEG_07197;FVEG_01412;FVEG_15829;FVEG_09785;FVEG_07914;FVEG_04952;FVEG_06951;FVEG_00819;GimoM_p11;FVEG_02994;FVEG_08245;FVEG_01091;FVEG_09497;GimoM_p17;FVEG_07304;FVEG_00559;FVEG_12170;FVEG_02062;FVEG_01153;FVEG_09194;FVEG_02245;FVEG_03138;FVEG_15622;FVEG_06633;FVEG_01955;FVEG_08178;FVEG_10722;FVEG_02585;FVEG_04693;FVEG_04580;FVEG_01922;FVEG_02841;FVEG_02611;FVEG_12954;FVEG_05304;FVEG_08159;FVEG_11539;FVEG_10214;FVEG_09182;FVEG_05469
H5_terpene_synthases,0.324117463292721,0.6379190712315321,0.028199018407186534,-0.40573726144182254,-1.1135049260909429,21,FVEG_05507;FVEG_00016;FVEG_12748;FVEG_05912;FVEG_05508;FVEG_08119;FVEG_01886;FVEG_04575;FVEG_05807;FVEG_02819;FVEG_04522
ko04924,0.3249063670411985,0.6379190712315321,0.03594383390152014,0.4884995881999464,1.1322634683478983,8,FVEG_06962;FVEG_07362;FVEG_07853;FVEG_01931;FVEG_04170
ko04745,0.32961481793306674,0.6379190712315321,0.03348726513146713,0.6766220391349125,1.148665465438415,3,FVEG_06268;FVEG_07362;FVEG_07930
ko00310,0.3301557038449317,0.6379190712315321,0.04238018835037579,0.29714615855584575,1.0682063308921343,38,FVEG_11642;FVEG_16524;FVEG_00585;FVEG_02131;FVEG_02675;FVEG_02520;FVEG_11476;FVEG_00666;FVEG_12170;FVEG_10722;FVEG_12954;FVEG_07811;FVEG_06937
ko00040,0.3337302768681155,0.6379190712315321,0.04061292023012082,0.31402495884864595,1.0753168459417883,31,FVEG_02183;FVEG_07018;FVEG_04796;FVEG_02550;FVEG_10421;FVEG_03852
ko00770,0.33441608662026295,0.6379190712315321,0.027473651771338602,-0.3933878521513496,-1.10203474622243,23,FVEG_02297;FVEG_12784;FVEG_10560
H2_cAMP_PKA,0.33694314545902043,0.6379190712315321,0.03623239027385118,0.43330524788449315,1.1074107981986887,11,FVEG_06962;FVEG_09174;FVEG_02622;FVEG_02837;FVEG_01363;FVEG_06392
ko04139,0.3380997775659358,0.6379190712315321,0.041820651660917606,0.2956053112014514,1.0626671615254433,38,FVEG_03043;FVEG_05401;FVEG_06268;FVEG_06829;FVEG_05256;FVEG_04168;FVEG_00838
ko00625,0.33914380927967186,0.6379190712315321,0.036955208126957094,0.3860256889194345,1.0855388257071719,15,FVEG_07491;FVEG_00585;FVEG_02675
ko05231,0.3403946604759141,0.6379190712315321,0.039585706789632025,0.3250824919839074,1.0754656908088,27,FVEG_06268;FVEG_02276;FVEG_02635;FVEG_02725;FVEG_02633;FVEG_07785;FVEG_07081;FVEG_11463;FVEG_02009;FVEG_01955;FVEG_06466;FVEG_02447
ko04072,0.34120521172638435,0.6379190712315321,0.03805725820479216,0.3537930898211298,1.0817903098687265,20,FVEG_06268;FVEG_02635;FVEG_11264;FVEG_02633;FVEG_07785;FVEG_01138;FVEG_11463;FVEG_05478
ko04740,0.3422184006878762,0.6379190712315321,0.03316137487539565,0.6149181805433773,1.1390987686661422,4,FVEG_10291;FVEG_07362;FVEG_01931
ko01230,0.34452394056136487,0.6379190712315321,0.055851599319905174,0.23019030525114564,1.0422887516498787,123,FVEG_04031;FVEG_11500;FVEG_05291;FVEG_09495;FVEG_02112;FVEG_05491;FVEG_05262;FVEG_07306;FVEG_03808;FVEG_01416;FVEG_02844;FVEG_01304;FVEG_10452;FVEG_08231;FVEG_04963;FVEG_02751;FVEG_11104;FVEG_09239;FVEG_10267
ko00791,0.34583888783088934,0.6379190712315321,0.030631967350842806,-0.6895525803867719,-1.1354366135307425,3,FVEG_00443;FVEG_11593;FVEG_04571
ko04666,0.3476494486360998,0.6379190712315321,0.03911481292120667,0.32327594813988775,1.0694891280252186,27,FVEG_06268;FVEG_02276;FVEG_02635;FVEG_02633;FVEG_07081;FVEG_11463;FVEG_02009;FVEG_01074;FVEG_02447
ko00660,0.34876868027783625,0.6379190712315321,0.03237837894575504,0.6692920846174613,1.136221789160599,3,FVEG_10267;FVEG_04952
ko00680,0.35041275263307714,0.6379190712315321,0.03851435737650709,0.33472413408884694,1.0727831708078435,24,FVEG_04031;FVEG_14837;FVEG_11444;FVEG_04963;FVEG_09239
ko04916,0.35205897305541434,0.6379190712315321,0.035989021267389364,0.3937666133705427,1.0844998350971158,14,FVEG_06268;FVEG_07936;FVEG_06962;FVEG_07362;FVEG_02837;FVEG_07657;FVEG_06392;FVEG_01931
ko05204,0.3520629750271444,0.6379190712315321,0.03737978939469848,0.35106121131651796,1.073437066747099,20,FVEG_02732;FVEG_12433;FVEG_09203;FVEG_00585;FVEG_02675
ko00051,0.35316217908578584,0.6379190712315321,0.0404706920896309,0.300365868749651,1.0641447543108165,36,FVEG_11318;FVEG_16233;FVEG_03852;FVEG_01888;FVEG_08687;FVEG_07522;FVEG_04044;FVEG_01889;FVEG_02067
ko04925,0.3587673038892551,0.6423521620847652,0.027352609302624443,-0.4407258622123469,-1.0943972420299097,14,FVEG_06664;FVEG_11139;FVEG_09346
ko05418,0.3588201603665521,0.6423521620847652,0.0381266974919746,0.32365509901214484,1.061859138200038,26,FVEG_03043;FVEG_12433;FVEG_11264;FVEG_09203;FVEG_04168;FVEG_07470;FVEG_07356;FVEG_07081;FVEG_01216;FVEG_02447;FVEG_07362;FVEG_04419
ko04919,0.3646723646723647,0.6423979194544616,0.03766401961587815,0.32491367831374113,1.0561092211433087,25,FVEG_06268;FVEG_07936;FVEG_04539;FVEG_11318;FVEG_00336;FVEG_00400;FVEG_07785;FVEG_01489;FVEG_16309
ko01210,0.3648124191461837,0.6423979194544616,0.0404706920896309,0.28901289392712154,1.0510626698857104,40,FVEG_02112;FVEG_05491;FVEG_07306;FVEG_01416;FVEG_11104;FVEG_10267;FVEG_09656;FVEG_04952;FVEG_02841;FVEG_04061;FVEG_00189;FVEG_02928;FVEG_05911;FVEG_06348;FVEG_11407;FVEG_02213;FVEG_09500
ko04214,0.366416169992226,0.6423979194544616,0.03555793210765058,0.36835485465674567,1.0581000868809232,16,FVEG_01157;FVEG_06977;FVEG_02115;FVEG_04506;FVEG_14962;FVEG_10300;FVEG_02837;FVEG_06392;FVEG_11557;FVEG_08387
ko05340,0.3671681584460103,0.6423979194544616,0.029524595666833783,-0.678910630506923,-1.117913280464304,3,FVEG_00671;FVEG_10301;FVEG_09649
ko04742,0.3672981737497866,0.6423979194544616,0.02755498419542351,-0.4757438360373446,-1.0869217767623545,10,FVEG_14768;FVEG_14769;FVEG_07368
ko04911,0.3684576595374717,0.6423979194544616,0.027827081366026293,-0.4921656538183713,-1.0924204782789664,9,FVEG_06664;FVEG_11139;FVEG_09346
ko04978,0.3729566453447051,0.6474269038234923,0.027994821494227353,-0.5282597705961489,-1.096519934020423,7,FVEG_11139;FVEG_09346
ko00930,0.3764562684750478,0.6506851881831646,0.02744935194338067,-0.4886544075555007,-1.084626847634322,9,FVEG_03354;FVEG_10940;FVEG_07774;FVEG_08517;FVEG_06629
ko04350,0.3786008230452675,0.6515833907345591,0.03239009724902763,0.4856676803743381,1.0798684210804794,7,FVEG_11264;FVEG_07097;FVEG_06432;FVEG_08277;FVEG_04172
ko04923,0.3850987432675045,0.6574653518544857,0.03170403725507911,0.5139748040470509,1.0860534623073286,6,FVEG_06962;FVEG_07369
ko05143,0.38671539122957865,0.6574653518544857,0.03080834269412244,0.5939518840688932,1.1002599714842636,4,FVEG_06268
ko05220,0.38774577046181985,0.6574653518544857,0.03192894697703439,0.4822592346826855,1.0722898379955468,7,FVEG_00400;FVEG_02837;FVEG_06392;FVEG_11565
ko05142,0.38857677902621723,0.6574653518544857,0.03234328340546149,0.4614814579795053,1.0696397884705051,8,FVEG_04168;FVEG_06962;FVEG_07097;FVEG_06432;FVEG_04170
ko05034,0.3925176326280282,0.6613427339657114,0.03766401961587815,0.29891246761778845,1.0372181346480271,33,FVEG_12481;FVEG_07160;FVEG_09164;FVEG_00400;FVEG_06962;FVEG_01489;FVEG_08944;FVEG_05328;FVEG_10291;FVEG_05100;FVEG_07362;FVEG_09724;FVEG_12988;FVEG_07033;FVEG_02837;FVEG_08256;FVEG_06392
ko00982,0.39663865546218485,0.6619231715114849,0.03552866460879919,0.33264697383263286,1.0406991122705844,22,FVEG_07491;FVEG_12433;FVEG_09203;FVEG_00585;FVEG_02675
ko05145,0.3985034998793145,0.6619231715114849,0.03244883785943566,0.4210124891286068,1.0495471289059244,10,FVEG_00720;FVEG_04168;FVEG_06962
ko04962,0.39916666666666667,0.6619231715114849,0.03522485270880568,0.3363546644493143,1.0378435305182192,21,FVEG_12481;FVEG_07160;FVEG_00504;FVEG_08944;FVEG_15419;FVEG_15418;FVEG_11582;FVEG_11336;FVEG_07024;FVEG_15367;FVEG_01931;FVEG_06253
ko05230,0.39993443697754466,0.6619231715114849,0.02539819689771847,-0.41828973903796574,-1.0587688083112046,15,FVEG_10632;FVEG_05781;FVEG_01410;FVEG_00957;FVEG_01648;FVEG_06752;FVEG_12776
ko00940,0.4011155378486056,0.6619231715114849,0.024878953028504406,-0.39740956263668004,-1.0545398570568258,18,FVEG_11829;FVEG_12888
ko00790,0.4119025304592315,0.6769381750579992,0.024110525741344244,-0.3800389211665721,-1.0429784272745268,21,FVEG_12288;FVEG_02643;FVEG_03109;FVEG_01032;FVEG_00506
ko04927,0.41696588868940754,0.6824625361814385,0.0302058792293513,0.4957347309714157,1.0475113112902938,6,FVEG_12481;FVEG_07160
GH17,0.4232793096190276,0.6899796876310166,0.028759744749294113,0.634728505626552,1.0775450283510182,3,FVEG_03908
ko00140,0.4285971871619185,0.6958197249065965,0.025839625332506874,-0.5255531658387173,-1.0471018020532932,6,FVEG_07578;FVEG_06814;FVEG_09716;FVEG_00525;FVEG_00282
ko00072,0.43164794007490637,0.6979468708469252,0.030346411008211886,0.44172610658613415,1.0238500616674309,8,FVEG_16149;FVEG_00558;FVEG_03844;FVEG_13094
ko04658,0.44733447979363716,0.7144887355073869,0.028147667186875558,0.565224605861619,1.0470444246547332,4,FVEG_04168;FVEG_07853
ko04918,0.447446949602122,0.7144887355073869,0.02373140120648082,-0.41825100264027903,-1.0203622597333541,13,FVEG_06664;FVEG_11139;FVEG_09346
GH18,0.4482236066677892,0.7144887355073869,0.023956252782659008,-0.4348763664183572,-1.0204495868187242,11,FVEG_08470;FVEG_12002;FVEG_12804;FVEG_00592
H1_pigment_melanin_DHN,0.45187870797626895,0.7144887355073869,0.023475127066914864,-0.4101481719976219,-1.0184676388279161,14,FVEG_12358;FVEG_12929;FVEG_08676;FVEG_04564
H2_light_response,0.4521755094547457,0.7144887355073869,0.025240829600394973,-0.5470002367084913,-1.0359457313322444,5,FVEG_10716;FVEG_10916;FVEG_12735
ko00720,0.4529607792873622,0.7144887355073869,0.03114671760479308,0.35457721305175327,0.9971028937378674,15,FVEG_14837;FVEG_01836;FVEG_08038;FVEG_04670
ko00062,0.4543506921555702,0.7144887355073869,0.023386966903810348,-0.40925255471917205,-1.016243668864979,14,FVEG_03595;FVEG_09866;FVEG_14044;FVEG_07774;FVEG_06814;FVEG_08517
ko00603,0.4578074287774973,0.7171124177335017,0.024734476135411965,-0.5130899768882788,-1.0222703892532043,6,FVEG_07716;FVEG_09934;FVEG_11647;FVEG_01414;FVEG_00004
ko04659,0.4654398563734291,0.7262310599445334,0.028207596713198762,0.47439779278450894,1.002425335459451,6,FVEG_04168;FVEG_07470;FVEG_07853
GT22,0.4679707652622528,0.7273499103494705,0.027352609302624443,0.554953124308761,1.0280171258051551,4,FVEG_01362;FVEG_06951
ko05226,0.47455919395465995,0.7330617242252808,0.029948745572915252,0.3650075693752505,0.9821918846306235,13,FVEG_07936;FVEG_05216
ko05216,0.47530186608122943,0.7330617242252808,0.02744935194338067,0.5023985695068209,0.9979814779445445,5,FVEG_04258;FVEG_02837;FVEG_06392
ko05030,0.48318804483188044,0.7409625041920914,0.02941123386934918,0.3744804740969807,0.9836348194147048,12,FVEG_12481;FVEG_07160;FVEG_06962;FVEG_08944
ko00450,0.4854296388542964,0.7409625041920914,0.029326845689186587,0.37379716228447124,0.9818399880742391,12,FVEG_11500;FVEG_01304;FVEG_04524;FVEG_07318
ko01524,0.48596792668957617,0.7409625041920914,0.03191761358594754,0.29914455926189853,0.9814440892931839,26,FVEG_12433;FVEG_09203;FVEG_08117;FVEG_06977;FVEG_07356;FVEG_04695;FVEG_04419;FVEG_06414;FVEG_11385
ko00830,0.4919981710105167,0.7449037152305,0.02755498419542351,0.43829106567999154,0.97452785144099,7,FVEG_07491
ko03460,0.49226804123711343,0.7449037152305,0.031670616640160694,0.2974788175313283,0.9759790646917308,26,FVEG_15917;FVEG_11312;FVEG_02845;FVEG_01282;FVEG_14962;FVEG_15916;FVEG_08131
H4_sulfur_methionine,0.49622566547477154,0.746876019826117,0.03819645427151564,0.24312861468920843,0.9804753832551228,67,FVEG_02132;FVEG_11500;FVEG_05291;FVEG_09495;FVEG_01461;FVEG_01416;FVEG_09096;FVEG_01304;FVEG_02759;FVEG_02202
GH47,0.4978678038379531,0.746876019826117,0.02312620931467658,-0.47427990960446964,-0.9844727994331517,7,FVEG_03557
ko04712,0.49915903569426273,0.746876019826117,0.023901181764579487,-0.5687439034979076,-1.0080392321221237,4,FVEG_00518;FVEG_08574
ko04520,0.5061006609049313,0.7544474536166449,0.028940021090965655,0.347211400097116,0.956278905735512,14,FVEG_02276;FVEG_11264;FVEG_07081;FVEG_02009;FVEG_02295;FVEG_02447
ko00061,0.512715480457416,0.7587037859907395,0.022019416075025718,-0.42618084037579673,-0.9736862596091995,10,FVEG_12816
ko00780,0.5127399650959861,0.7587037859907395,0.022370173088839488,-0.4484180849301609,-0.9665798669030764,8,FVEG_06575;FVEG_15894;FVEG_00334
ko04112,0.5184077742478042,0.7624079312893443,0.02328780848762702,-0.5594761120002457,-0.9916130385975623,4,FVEG_11350;FVEG_07517
ko04261,0.5203061543267729,0.7624079312893443,0.020416057371950274,-0.3496734020953023,-0.9596433277349553,21,FVEG_06664;FVEG_11139;FVEG_09346
ko00643,0.5216377299818605,0.7624079312893443,0.028741852737738022,0.33023168986955265,0.9485912166609445,16,FVEG_09776;FVEG_00480
ko00564,0.5228483319315952,0.7624079312893443,0.018707113212831986,-0.29406151887735876,-0.960242953096007,50,FVEG_06138;FVEG_12713;FVEG_07273;FVEG_04089;FVEG_15400;FVEG_15439;FVEG_12046;FVEG_07532;FVEG_15535;FVEG_05983;FVEG_13164;FVEG_12302;FVEG_16317;FVEG_12994;FVEG_07265;FVEG_06661
ko00440,0.5292347377472055,0.7689243834660486,0.025247630726912614,0.5246932747540671,0.9719625831710185,4,FVEG_02725;FVEG_01955
ko00965,0.5389469888207717,0.7802084567405395,0.022098256115580476,-0.47877036006637086,-0.9538926589760994,6,FVEG_04071;FVEG_05398
ko00983,0.5442063971031985,0.7849883641668438,0.019209100445249518,-0.31927982074773514,-0.9388772400646653,29,FVEG_12888;FVEG_10403;FVEG_09090
ko05322,0.5511830635118307,0.790075021799922,0.027066681274404036,0.35235809519716965,0.9255267372066482,12,FVEG_09164;FVEG_07274;FVEG_01212;FVEG_05100;FVEG_09724;FVEG_07033
ko05414,0.55167333193012,0.790075021799922,0.024210278049879318,0.5703169699050235,0.9681969693463657,3,FVEG_01931;FVEG_07930;FVEG_05331
ko04270,0.5570842384745354,0.7918960931330435,0.02634151133717732,0.36845996151386456,0.9185382968663757,10,FVEG_06268;FVEG_11264
ko04260,0.558088002532447,0.7918960931330435,0.019551190465516375,-0.34409717176039034,-0.9313748471899639,20,FVEG_11139;FVEG_09346
ko01212,0.5590528018826298,0.7918960931330435,0.018426343217477752,-0.3083877729826556,-0.9344650554827846,34,FVEG_12816;FVEG_03595;FVEG_09866;FVEG_06722;FVEG_14044;FVEG_11645;FVEG_07774;FVEG_06148
ko04024,0.5608441158348737,0.7918960931330435,0.019068288756591473,-0.3260106746966358,-0.9289258216086846,25,FVEG_06664;FVEG_11139;FVEG_09346;FVEG_06138
ko04972,0.571083755732561,0.8035248633289718,0.025918312517342126,0.36446902765965555,0.9085892495661209,10,FVEG_02390;FVEG_06268;FVEG_11264
ko04016,0.5734357848518112,0.8040131109285885,0.02426674332520501,0.45915119085629685,0.9120734250907209,5,FVEG_08686;FVEG_07362;FVEG_04599
H2_velvet_LaeA,0.599640933572711,0.8367830229327143,0.023895077864855778,0.4187188753667497,0.8847731070565473,6,FVEG_09521;FVEG_01498;FVEG_06915
ko04022,0.6009813232035455,0.8367830229327143,0.01844199383115964,-0.3337187323330307,-0.9032833130855847,20,FVEG_06664;FVEG_11139;FVEG_09346
ko00521,0.6072708653353814,0.8402609910674185,0.019414905948614686,-0.3911818249785701,-0.8937247569708334,10,FVEG_10632;FVEG_07275;FVEG_05202;FVEG_00957
ko04142,0.60767004341534,0.8402609910674185,0.01695920397721968,-0.28879877780502355,-0.9035382393548641,40,FVEG_03235;FVEG_09073;FVEG_12878;FVEG_00368;FVEG_00308;FVEG_07677;FVEG_16164;FVEG_07227;FVEG_03855;FVEG_09934;FVEG_11647;FVEG_08180;FVEG_06257;FVEG_01414;FVEG_14045;FVEG_16079
ko00630,0.6120740305522914,0.8434422207954255,0.017071087937863414,-0.2946443086188104,-0.9016295469635901,36,FVEG_12531;FVEG_02337;FVEG_02338
ko01200,0.6167355371900827,0.8469553096343259,0.03918920505238011,0.21051707555815177,0.9441453965293428,116,FVEG_04031;FVEG_07431;FVEG_11561;FVEG_05291;FVEG_14837;FVEG_09495;FVEG_02112;FVEG_11444;FVEG_03808;FVEG_11642
ko00240,0.6220833333333333,0.8513836746302617,0.03444452840877292,0.2262122622566717,0.9332805045275628,75,FVEG_07783;FVEG_01159;FVEG_05615;FVEG_15164;FVEG_06367;FVEG_05432;FVEG_05014;FVEG_09286;FVEG_07120;FVEG_01252;FVEG_00402;FVEG_02570;FVEG_07987;FVEG_04828;FVEG_01186;FVEG_12148;FVEG_00819
ko04664,0.62896725440806045,0.856106269055968,0.025011763039871113,0.32525153520653166,0.8752131329503546,13,FVEG_06268;FVEG_04168;FVEG_07081;FVEG_02447;FVEG_11385;FVEG_02837;FVEG_06392;FVEG_11565
ko05224,0.6304398964949424,0.856106269055968,0.02384635479291024,0.3562406726054167,0.8626794843849592,9,FVEG_07936
ko01040,0.6319387921211135,0.856106269055968,0.01811357240235277,-0.3406993619397321,-0.876199514361495,16,FVEG_03595;FVEG_06722;FVEG_14044;FVEG_06148;FVEG_06814
ko00592,0.6395409494001043,0.8634879485166391,0.01891685478757687,-0.3892440005142004,-0.8639735705040958,9,FVEG_07273;FVEG_16317;FVEG_01376
ko05213,0.6431208466650259,0.8654075822572999,0.024260456701018725,0.33681392175217423,0.8608051154539325,11,FVEG_07936;FVEG_11385;FVEG_02837;FVEG_06392;FVEG_11565
ko00590,0.6490626428898034,0.8662442255923961,0.02291587200469536,0.37993111485974973,0.8447661429863236,7,FVEG_12433;FVEG_04790;FVEG_02916
ko05140,0.6548095137865713,0.8662442255923961,0.02147129245289572,0.5115170300123483,0.8683754199169014,3,FVEG_04168
ko05214,0.6550808592807145,0.8662442255923961,0.023641397783159917,0.34020584867592546,0.8481032770639475,10,FVEG_06268
GT57,0.656282887813092,0.8662442255923961,0.02143627564622129,0.5110567306925322,0.8675939940959017,3,FVEG_09204;FVEG_06881
ko01522,0.6565513996706658,0.8662442255923961,0.023189441955549197,0.34615326017813897,0.8382516062095179,9,FVEG_04168;FVEG_02837;FVEG_06392;FVEG_01931;FVEG_11565
GH32,0.6567038518206694,0.8662442255923961,0.02142628923478671,0.5105681789921221,0.866764605701962,3,FVEG_07525;FVEG_02083
ko03450,0.6608417425547625,0.867506970641299,0.02381600006098867,0.33152096987575946,0.847277764721614,11,FVEG_11459;FVEG_07358;FVEG_04235;FVEG_08168;FVEG_04472;FVEG_00477
ko00400,0.6682900432900433,0.867506970641299,0.025193324844986327,0.2842069179412608,0.8571751854719443,19,FVEG_01416;FVEG_02751;FVEG_02753;FVEG_16783;FVEG_06348;FVEG_06956;FVEG_11407
ko03010,0.6684266103484688,0.867506970641299,0.03790216770236242,0.20569274228194828,0.9274529649349662,119,FVEG_05089;FVEG_07855;FVEG_04501;FVEG_04982;FVEG_06662;FVEG_11263;FVEG_05383;FVEG_06188;FVEG_08985;FVEG_08934;FVEG_02971;FVEG_07932;FVEG_02085;FVEG_03987;FVEG_01263;FVEG_04082;FVEG_06270;FVEG_00547;FVEG_04664;FVEG_09621;FVEG_09470;FVEG_02999
ko04611,0.6777749295052551,0.867506970641299,0.0240671352767403,0.3000138994512129,0.8436659669405305,15,FVEG_02390;FVEG_11264;FVEG_04168;FVEG_06962
ko00710,0.6785714285714286,0.867506970641299,0.024938542811037342,0.28206809477291483,0.8507244412068186,19,FVEG_02112;FVEG_05003
ko00730,0.6795219123505976,0.867506970641299,0.01673489421942348,-0.31731402357574834,-0.8420036066661352,18,FVEG_10962;FVEG_10314;FVEG_12928
AA9,0.6813679686039993,0.867506970641299,0.019047715949005884,-0.47438983215581165,-0.8408064845914375,4,FVEG_07232;FVEG_12089
CBM1,0.6813679686039993,0.867506970641299,0.019047715949005884,-0.47438983215581165,-0.8408064845914375,4,FVEG_07232;FVEG_12089
H3_CAZy_AA_all,0.6813679686039993,0.867506970641299,0.019047715949005884,-0.47438983215581165,-0.8408064845914375,4,FVEG_07232;FVEG_12089
ko03022,0.6835326586936522,0.867506970641299,0.026941622957522362,0.25093077659328533,0.8707229715043824,33,FVEG_01060;FVEG_02094;FVEG_00538;FVEG_02050;FVEG_11369;FVEG_03827;FVEG_10295
GT20,0.6857503683435067,0.867506970641299,0.020756209573159136,0.49342029980546975,0.8376535577491029,3,FVEG_12117;FVEG_05973;FVEG_04683
ko00330,0.6866995073891625,0.867506970641299,0.014782242174341782,-0.2648835082696954,-0.8615753788469162,49,FVEG_09912;FVEG_10079;FVEG_06552;FVEG_11222;FVEG_15334;FVEG_11002;FVEG_16006;FVEG_00801
ko00052,0.6889404485692189,0.867506970641299,0.01610059904946254,-0.30043210536162107,-0.841628985690906,23,FVEG_08557;FVEG_11933;FVEG_10632
ko05162,0.6920356962451591,0.867506970641299,0.017272837972391965,-0.35018066240728973,-0.8217087426674693,11,FVEG_04803;FVEG_00518;FVEG_08574;FVEG_00688
GH9,0.6924395353266044,0.867506970641299,0.019088895889210252,-0.5147335545710465,-0.8475747037955722,3,FVEG_09719
ko00340,0.6930646672914714,0.867506970641299,0.016156117315778828,-0.3069798984946886,-0.8424753200384738,21,FVEG_02128;FVEG_06851;FVEG_12049;FVEG_02795;FVEG_09075;FVEG_01667;FVEG_07400;FVEG_09074;FVEG_10377;FVEG_04727;FVEG_06242
ko04370,0.6974811083123426,0.867506970641299,0.02331688997854036,0.3091604818104975,0.8319140252420025,13,FVEG_06268;FVEG_04168;FVEG_07081;FVEG_02447;FVEG_07853;FVEG_02837;FVEG_06392
ko00621,0.7021117548121847,0.867506970641299,0.0185995925513025,-0.46320967864768503,-0.8209908289193044,4,FVEG_02393;FVEG_10569
ko00624,0.7021117548121847,0.867506970641299,0.0185995925513025,-0.46320967864768503,-0.8209908289193044,4,FVEG_02393;FVEG_10569
ko00120,0.7029557554617221,0.867506970641299,0.0183173360456645,-0.4284660325811979,-0.8114577063883455,5,FVEG_07578;FVEG_11528
ko00361,0.7030916844349681,0.867506970641299,0.01783077923021088,-0.3909639150192955,-0.8115320343578883,7,FVEG_01895;FVEG_02821;FVEG_02836
ko00627,0.7095083988287871,0.8727388586820357,0.015620531814550632,-0.29253613090479164,-0.8275324773681796,24,FVEG_06552;FVEG_15334;FVEG_05389;FVEG_11002;FVEG_07269;FVEG_14749;FVEG_10130;FVEG_07774
ko04940,0.7124357265282804,0.8736597135713775,0.01866319599765303,-0.4985464449865507,-0.8209205552763079,3,FVEG_08157;FVEG_09655
ko00220,0.7185124864277959,0.8745532692359129,0.024048585781104484,0.27135160174706985,0.8297096291104733,20,FVEG_02112;FVEG_07306
ko04630,0.7206218564243255,0.8745532692359129,0.02126760602983777,0.35554629225266243,0.7905471760854446,7,FVEG_14991;FVEG_16532;FVEG_14992;FVEG_11565
ko04320,0.7233809001097695,0.8745532692359129,0.02058262198926123,0.3950642920241902,0.7847690458682001,5,FVEG_02837;FVEG_06392;FVEG_11565
GH76,0.7237648755860079,0.8745532692359129,0.017620031298928966,-0.39838610059135193,-0.7937366397107865,6,FVEG_08164;FVEG_10899
ko00740,0.7267661039173906,0.8745532692359129,0.016165938958828,-0.3177484515324871,-0.8042801866130568,15,FVEG_10962;FVEG_12928
ko04914,0.7270655270655271,0.8745532692359129,0.02464988395049593,0.2552809912270144,0.8297730345384847,25,FVEG_07348;FVEG_04168;FVEG_07470;FVEG_06962;FVEG_09258
ko00010,0.7304107697618226,0.8745532692359129,0.027852104167858587,0.22713002867632948,0.8651884854913431,49,FVEG_08321;FVEG_07491;FVEG_00585;FVEG_13338;FVEG_02675
ko00600,0.7353441608662026,0.8745532692359129,0.015156972528839241,-0.2892158000907416,-0.8102076846386524,23,FVEG_08557;FVEG_07177;FVEG_07716;FVEG_06971;FVEG_08919;FVEG_09197;FVEG_08180;FVEG_12143;FVEG_00004;FVEG_05780;FVEG_04658
H3_alt_carbon_pathways,0.7354368932038835,0.8745532692359129,0.04563845202196568,0.1915470321299958,0.9195104651570889,193,FVEG_11561;FVEG_02233;FVEG_02273;FVEG_14837;FVEG_02183;FVEG_01881;FVEG_06008;FVEG_02064;FVEG_11893;FVEG_00585;FVEG_06816;FVEG_07018;FVEG_10271;FVEG_04796;FVEG_07484;FVEG_02550;FVEG_10421;FVEG_00975;FVEG_00623;FVEG_02066;FVEG_02675;FVEG_16149;FVEG_03852;FVEG_04963;FVEG_09239;FVEG_10267;FVEG_01888;FVEG_07522;FVEG_07369;FVEG_01889;FVEG_09402;FVEG_02067;FVEG_05051;FVEG_08943;FVEG_00558;FVEG_05478;FVEG_07518;FVEG_09785;FVEG_04952;FVEG_02062;FVEG_01153;FVEG_09194;FVEG_06633;FVEG_02585
ko00626,0.7414725946836038,0.8745532692359129,0.02126760602983777,0.31925981519117036,0.7731259059771055,9,FVEG_07491
ko04064,0.7421454219030521,0.8745532692359129,0.020526848168625975,0.36333658597688967,0.7677476679323801,6,FVEG_06977;FVEG_02651;FVEG_02295
ko00524,0.7445337320127079,0.8745532692359129,0.017730511929691016,-0.44137153939273666,-0.7822850054543938,4,FVEG_10632;FVEG_00957
ko00380,0.7454665347840422,0.8745532692359129,0.026695121509486903,0.22764972692567498,0.8499100205136294,44,FVEG_09776;FVEG_00480;FVEG_00585;FVEG_01416;FVEG_02675;FVEG_11476
ko04122,0.7463731012118109,0.8745532692359129,0.01636725375264269,-0.34172472876272064,-0.7807311860184646,10,FVEG_05997;FVEG_07927;FVEG_02773;FVEG_01986;FVEG_01391;FVEG_09565
ko04920,0.7470432054067101,0.8745532692359129,0.021551709412112846,0.31129046926270343,0.776019777813876,10,FVEG_01198;FVEG_07850;FVEG_06667;FVEG_09497
ko04750,0.748059280169372,0.8745532692359129,0.02113042778535695,0.31806635728502275,0.7702358046206808,9,FVEG_06268;FVEG_04168
ko00950,0.7564723567730082,0.8818180670522566,0.015858406235239354,-0.32412442806198366,-0.774701999622167,12,FVEG_04071;FVEG_13749;FVEG_05398;FVEG_01667;FVEG_15472;FVEG_06242
ko03320,0.7735458167330678,0.891920064402624,0.014856388494778038,-0.29062444617454875,-0.7711819008399494,18,FVEG_12816;FVEG_06722;FVEG_07578;FVEG_11528;FVEG_11645;FVEG_06148
ko00300,0.7752142386288727,0.891920064402624,0.015309749781704721,-0.30821771510954216,-0.7653569855587966,14,FVEG_11605;FVEG_00801;FVEG_12521;FVEG_11679;FVEG_08487;FVEG_07836;FVEG_02169
ko04621,0.7761111111111111,0.891920064402624,0.023172164446044335,0.25576639801768225,0.789183351868158,21,FVEG_04576;FVEG_11264;FVEG_04168;FVEG_07470;FVEG_02649;FVEG_01216;FVEG_11401;FVEG_10300
H4_pentose_phosphate,0.7762596071733561,0.891920064402624,0.023563921969872396,0.24686662252083094,0.7912018617821688,24,FVEG_05003;FVEG_03808;FVEG_10452;FVEG_06101;FVEG_01142
ko00030,0.7762596071733561,0.891920064402624,0.023563921969872396,0.24686662252083094,0.7912018617821688,24,FVEG_05003;FVEG_03808;FVEG_10452;FVEG_06101;FVEG_01142
ko05146,0.7860486891385767,0.9005872124130551,0.02029260468577999,0.31781046939423885,0.7366335469791783,8,FVEG_06268;FVEG_00504
ko04146,0.7999734007181806,0.9097656202073288,0.011744446758908586,-0.23284173141874343,-0.8045236041781825,70,FVEG_12531;FVEG_09912;FVEG_12816;FVEG_12057;FVEG_11222;FVEG_02099
ko00290,0.8036789842096695,0.9097656202073288,0.014611707115381936,-0.2900328088549904,-0.745896924551906,16,FVEG_02842;FVEG_10560
ko00071,0.8040901007705987,0.9097656202073288,0.023647377648751206,0.2350329643040993,0.7893413381238991,29,FVEG_07491;FVEG_00585;FVEG_02675;FVEG_11476
ko00531,0.8084470192487385,0.9097656202073288,0.016524504855965155,-0.40751156476487904,-0.7222717330243611,4,FVEG_09934;FVEG_11647;FVEG_01414
ko05168,0.8095797825448134,0.9097656202073288,0.023398685230420033,0.2350182809608453,0.7819024682555434,28,FVEG_08137;FVEG_04802;FVEG_02094;FVEG_11504;FVEG_03827
GT39,0.809940963625976,0.9097656202073288,0.016772581036692994,-0.4347095028084291,-0.7158048563339178,3,FVEG_01072
ko00515,0.809940963625976,0.9097656202073288,0.016772581036692994,-0.4347095028084291,-0.7158048563339178,3,FVEG_01072
ko00910,0.8199015288934958,0.917803572203808,0.021208626790075784,0.26346163058312044,0.7567940823518189,16,FVEG_09776;FVEG_00877
ko00520,0.8216745197535339,0.917803572203808,0.02664942847332114,0.21214644878236175,0.8211326260647268,54,FVEG_02273;FVEG_02064;FVEG_06816;FVEG_10271;FVEG_10421;FVEG_02066;FVEG_01888;FVEG_01889;FVEG_09402;FVEG_02067
ko01120,0.8264379414732593,0.92006646787489,0.04831955820606266,0.18309030000510637,0.9065144728454911,245,FVEG_04031;FVEG_02132;FVEG_07431;FVEG_09776;FVEG_11561;FVEG_05291;FVEG_14837;FVEG_07491;FVEG_00480;FVEG_09495;FVEG_02112;FVEG_05003;FVEG_11444;FVEG_03808;FVEG_06302;FVEG_11642;FVEG_01461;FVEG_00585;FVEG_09096;FVEG_07484;FVEG_16233;FVEG_02675;FVEG_03852;FVEG_11476;FVEG_10452;FVEG_02202;FVEG_01836;FVEG_04963
ko00970,0.8282892640968461,0.92006646787489,0.024342432226466953,0.22041887577602462,0.7983492986119752,39,FVEG_01957;FVEG_08037;FVEG_02871;FVEG_08234;FVEG_00439;FVEG_04524
ko00350,0.838173018753781,0.9223540913952609,0.02330524914226409,0.22512748183517323,0.7757780309144751,32,FVEG_07491;FVEG_00585;FVEG_01416;FVEG_02675
GT15,0.8383490971625107,0.9223540913952609,0.018045118160334828,0.36632552513047695,0.6785958974873221,4,FVEG_06271
ko04930,0.8394194756554307,0.9223540913952609,0.019296882246790444,0.2992698939278704,0.6936594753733619,8,FVEG_06268;FVEG_01889;FVEG_02067
ko04724,0.8395492353099008,0.9223540913952609,0.021381451039521424,0.25031240806371224,0.7423126045013775,18,FVEG_06268;FVEG_02635;FVEG_02633;FVEG_06962
ko05219,0.8423489791622816,0.9229014771696036,0.017664107555874758,0.4031554030705815,0.6844156145196818,3,FVEG_02837;FVEG_06392
ko04979,0.84784560143626575,0.9240056112204529,0.01851660422032741,0.32017877107166537,0.6765531308959948,6,FVEG_01157;FVEG_02649
ko00960,0.8479652491998171,0.9240056112204529,0.01879138952877757,0.3041665120201352,0.6763056805171246,7,FVEG_01416
ko05160,0.8686575052854123,0.9419971035702511,0.020619946284723318,0.244644694918905,0.7133425408843329,17,FVEG_07936;FVEG_04168;FVEG_07097;FVEG_11385;FVEG_16532;FVEG_02837;FVEG_06392;FVEG_06432;FVEG_11565
ko00270,0.8710171142340337,0.9419971035702511,0.011152897558680186,-0.2252385675011736,-0.740434633967342,52,FVEG_12529;FVEG_10560;FVEG_01637;FVEG_06028;FVEG_02127;FVEG_05202;FVEG_00801;FVEG_09173;FVEG_06826;FVEG_05093;FVEG_09029;FVEG_12521;FVEG_03894;FVEG_05602;FVEG_09162;FVEG_05312;FVEG_07836
ko04730,0.8715235047994093,0.9419971035702511,0.019487119096015783,0.2632465365871405,0.6727868139799613,11,FVEG_06268;FVEG_06962;FVEG_07097;FVEG_02837;FVEG_06392;FVEG_06432
ko03410,0.8834757834757835,0.9523488956284655,0.02152149104785217,0.22018587739541093,0.7156988178819587,25,FVEG_02120;FVEG_07987;FVEG_11459;FVEG_02931;FVEG_04506;FVEG_03020
ko00514,0.8874609876996512,0.9525191889426787,0.014915988843034385,-0.3334973444556484,-0.6315996360045177,5,FVEG_04266;FVEG_01072
ko00513,0.8891875746714456,0.9525191889426787,0.011894442852985942,-0.23352177650377526,-0.6986126038798488,32,FVEG_03557;FVEG_10937;FVEG_02500
ko00909,0.8907598400336771,0.9525191889426787,0.016844835613601568,0.36846321089369494,0.6255205139035509,3,FVEG_06181;FVEG_03929;FVEG_09214
ko00410,0.8980030721966206,0.9548982353278297,0.012162934345968811,-0.23709637503329345,-0.6806997182042367,26,FVEG_13749;FVEG_00801;FVEG_08157;FVEG_11645;FVEG_07774;FVEG_07767;FVEG_10377;FVEG_15472;FVEG_08517;FVEG_00151;FVEG_06940
GH13,0.9001081860800577,0.9548982353278297,0.014451857103408546,-0.3108303178244227,-0.6192922183378723,6,FVEG_08752;FVEG_12957
ko05222,0.9001285111070314,0.9548982353278297,0.014711426792385626,-0.32471099919880964,-0.6149594661252419,5,FVEG_06752;FVEG_03578;FVEG_09482;FVEG_06419;FVEG_11557
GH31,0.902546832245843,0.9549374135371583,0.016653047690840878,0.35958759898649695,0.6104528567881143,3,FVEG_01364
ko04212,0.9072829131652661,0.9574222320507151,0.020846315767801618,0.21942043684252022,0.6864654477540096,22,FVEG_04168;FVEG_07510;FVEG_06178;FVEG_04506;FVEG_06113;FVEG_11401;FVEG_01030;FVEG_02789;FVEG_06915;FVEG_08108;FVEG_07982
ko00785,0.9243953532660446,0.9704830823812353,0.014856388494778038,-0.3549614071482384,-0.5844894059281727,3,FVEG_01968;FVEG_09740
ko00364,0.9245000934404785,0.9704830823812353,0.01458251032712048,-0.32968817288773866,-0.5843378902060172,4,FVEG_01895
ko00623,0.9278759466282005,0.9714836934671238,0.014013431872421215,-0.2941849816849817,-0.5861283776452253,6,FVEG_01895;FVEG_09986;FVEG_12251;FVEG_08774;FVEG_00726;FVEG_08630
ko00510,0.9373825923606762,0.9757226491035491,0.022071919654315122,0.19724875881785559,0.6988185204401134,36,FVEG_01362;FVEG_04979;FVEG_01793;FVEG_09787;FVEG_09748;FVEG_04190;FVEG_15829;FVEG_11539;FVEG_10214;FVEG_09738;FVEG_09204;FVEG_04757;FVEG_05374;FVEG_03962;FVEG_01076;FVEG_08007;FVEG_08082;FVEG_04598
ko01220,0.9404873477038426,0.9757226491035491,0.01172975487782106,-0.22210973594914654,-0.6095577325909363,21,FVEG_03354;FVEG_02393;FVEG_11531;FVEG_10940;FVEG_01593;FVEG_10569;FVEG_11999
ko04726,0.9410407587798001,0.9757226491035491,0.018945362551648706,0.21959788053405116,0.6175289163526867,15,FVEG_06268;FVEG_06962;FVEG_10291;FVEG_12988;FVEG_02837;FVEG_06392;FVEG_01931
ko05221,0.9441038586368554,0.9757226491035491,0.013763093212313456,-0.2809065934065934,-0.5596727777203824,6,FVEG_01648;FVEG_05063;FVEG_16025;FVEG_11565;FVEG_06392;FVEG_02837
ko03420,0.9455091533180778,0.9757226491035491,0.010331095480009671,-0.20557337521139474,-0.6538051772023095,43,FVEG_07834;FVEG_02007;FVEG_03636;FVEG_03850;FVEG_09215;FVEG_04990;FVEG_05298;FVEG_06976;FVEG_06239
ko00900,0.9472402597402597,0.9757226491035491,0.019658723620017148,0.20879813135174236,0.6297403957092121,19,FVEG_05425;FVEG_06329;FVEG_11617;FVEG_00745;FVEG_04535;FVEG_09156;FVEG_03844
ko00760,0.9544673539518901,0.9757226491035491,0.020406869914848285,0.19362225269065916,0.6352427599811687,26,FVEG_01220;FVEG_04216;FVEG_04063;FVEG_06142;FVEG_07876;FVEG_04098;FVEG_16986;FVEG_07528
ko00130,0.9581589958158996,0.9757226491035491,0.018071694804686324,0.22254364138697338,0.5687612433627546,11,FVEG_01416;FVEG_02636
ko04216,0.9582428595289795,0.9757226491035491,0.012437949233326032,-0.2330205885582206,-0.5569512825323548,12,FVEG_12816
ko00280,0.9591249280368451,0.9757226491035491,0.010209173471774023,-0.19926061077011153,-0.6276475193120282,41,FVEG_02047;FVEG_12738;FVEG_10560;FVEG_10286
ko04114,0.9611772072636193,0.9757226491035491,0.02167842916656223,0.18586819793113618,0.658499145209064,36,FVEG_04543;FVEG_09258;FVEG_07362;FVEG_00536;FVEG_05506;FVEG_07097;FVEG_07853;FVEG_01370;FVEG_06718;FVEG_01931;FVEG_06432;FVEG_07021;FVEG_08277;FVEG_05207;FVEG_05351;FVEG_01482;FVEG_04172
ko05218,0.9616302551863412,0.9757226491035491,0.013757577039506523,-0.2808744420281561,-0.5319388543783374,5,FVEG_06752;FVEG_05063;FVEG_09482;FVEG_06392;FVEG_02837
ko04975,0.963556531284303,0.9757226491035491,0.016314150340530336,0.26798341598536163,0.5323313038335947,5,FVEG_05478;FVEG_11407
H3_carbon_catabolite_repr,0.9729493891797557,0.9827524056954209,0.012854832605589195,-0.23572128713540197,-0.5081049538424488,8,FVEG_17733;FVEG_00957
ko02020,0.9794276875483372,0.9868103083087519,0.010982070597599434,-0.19311674688732225,-0.5409962813630348,23,FVEG_13954
ko01110,0.984350216770646,0.9892843030702484,0.003933479371880489,-0.17679030642013394,-0.7300308872370791,377,FVEG_12888;FVEG_12125;FVEG_12531;FVEG_10079;FVEG_02297;FVEG_10717;FVEG_12529;FVEG_02337;FVEG_02047;FVEG_02842;FVEG_03595;FVEG_10632;FVEG_06138;FVEG_03306;FVEG_02338;FVEG_03354;FVEG_17062;FVEG_05065;FVEG_07273;FVEG_10560;FVEG_11066;FVEG_12860;FVEG_12748;FVEG_01637;FVEG_10718;FVEG_11605;FVEG_11622;FVEG_05781;FVEG_03798;FVEG_01938;FVEG_02122;FVEG_12073;FVEG_05954;FVEG_15439;FVEG_12673;FVEG_05904;FVEG_05202;FVEG_04728;FVEG_06851;FVEG_11573;FVEG_01410;FVEG_04071;FVEG_13749;FVEG_00801;FVEG_02339;FVEG_02693;FVEG_04575;FVEG_08157;FVEG_05398;FVEG_12302;FVEG_16317;FVEG_14044;FVEG_01895;FVEG_07265;FVEG_04927;FVEG_05093;FVEG_01238;FVEG_01376;FVEG_09413;FVEG_06479;FVEG_00957;FVEG_02795;FVEG_12521;FVEG_01061;FVEG_09587;FVEG_12391
ko01130,0.9990141307919816,0.9998608598859051,0.004484005345300363,-0.1617436480744623,-0.6552245721716613,275,FVEG_12531;FVEG_09912;FVEG_10079;FVEG_12529;FVEG_02337;FVEG_02047;FVEG_02842;FVEG_10632;FVEG_02338;FVEG_11222;FVEG_03354;FVEG_10560;FVEG_12860;FVEG_09806;FVEG_01637;FVEG_11605;FVEG_05781;FVEG_01938;FVEG_12073;FVEG_08786;FVEG_05904;FVEG_02775;FVEG_05202;FVEG_04728;FVEG_11573;FVEG_01410;FVEG_00801;FVEG_01886;FVEG_02339;FVEG_07790;FVEG_04575;FVEG_04041;FVEG_06826;FVEG_01895;FVEG_04927;FVEG_05093;FVEG_07284;FVEG_01238;FVEG_09413;FVEG_00957;FVEG_12521;FVEG_01061;FVEG_09587;FVEG_12391;FVEG_03267;FVEG_04083;FVEG_04251;FVEG_11531;FVEG_11679;FVEG_11645;FVEG_09058;FVEG_10940;FVEG_07774;FVEG_02819;FVEG_04685;FVEG_10277;FVEG_00354;FVEG_04522;FVEG_08487;FVEG_04256;FVEG_10377;FVEG_10571;FVEG_08229;FVEG_05602;FVEG_14609;FVEG_04880;FVEG_01593;FVEG_12776;FVEG_07836;FVEG_11999;FVEG_10153;FVEG_02472
ko03018,0.9998608598859051,0.9998608598859051,0.009029722083434404,-0.13569017985983756,-0.44605908203069233,52,FVEG_07941;FVEG_02021;FVEG_10467;FVEG_11555;FVEG_02878;FVEG_15271;FVEG_01685;FVEG_04663;FVEG_06425;FVEG_15019;FVEG_04016;FVEG_07122;FVEG_06929;FVEG_04007;FVEG_11552;FVEG_14169;FVEG_06973;FVEG_00917;FVEG_02457
